Date,SP500,Dividend,Earnings,Consumer Price Index,Long Interest Rate,Real Price,Real Dividend,Real Earnings,PE10
1871-01-01,4.44,0.26,0.4,12.46,5.32,85.84,5.03,7.73
1871-02-01,4.5,0.26,0.4,12.84,5.32,84.42,4.88,7.5
1871-03-01,4.61,0.26,0.4,13.03,5.33,85.22,4.81,7.39
1871-04-01,4.74,0.26,0.4,12.56,5.33,90.94,4.99,7.67
1871-05-01,4.86,0.26,0.4,12.27,5.33,95.41,5.1,7.85
1871-06-01,4.82,0.26,0.4,12.08,5.34,96.12,5.18,7.98
1871-07-01,4.73,0.26,0.4,12.08,5.34,94.33,5.18,7.98
1871-08-01,4.79,0.26,0.4,11.89,5.34,97.05,5.27,8.1
1871-09-01,4.84,0.26,0.4,12.18,5.35,95.76,5.14,7.91
1871-10-01,4.59,0.26,0.4,12.37,5.35,89.42,5.07,7.79
1871-11-01,4.64,0.26,0.4,12.37,5.35,90.4,5.07,7.79
1871-12-01,4.74,0.26,0.4,12.65,5.36,90.26,4.95,7.62
1872-01-01,4.86,0.26,0.4,12.65,5.36,92.55,5.01,7.66
1872-02-01,4.88,0.27,0.41,12.65,5.38,92.93,5.08,7.71
1872-03-01,5.04,0.27,0.41,12.84,5.4,94.55,5.07,7.64
1872-04-01,5.18,0.27,0.41,13.13,5.42,95.06,5.02,7.52
1872-05-01,5.18,0.28,0.41,13.13,5.43,95.06,5.08,7.57
1872-06-01,5.13,0.28,0.41,13.03,5.45,94.83,5.18,7.67
1872-07-01,5.1,0.28,0.42,12.84,5.47,95.68,5.31,7.83
1872-08-01,5.04,0.29,0.42,12.94,5.49,93.86,5.34,7.82
1872-09-01,4.95,0.29,0.42,13.03,5.51,91.51,5.36,7.81
1872-10-01,4.97,0.29,0.42,12.75,5.52,93.93,5.54,8.03
1872-11-01,4.95,0.3,0.43,13.13,5.54,90.84,5.45,7.85
1872-12-01,5.07,0.3,0.43,12.94,5.56,94.41,5.59,8.01
1873-01-01,5.11,0.3,0.43,12.94,5.58,95.16,5.63,8.05
1873-02-01,5.15,0.3,0.43,13.23,5.57,93.83,5.56,7.93
1873-03-01,5.11,0.31,0.44,13.23,5.56,93.11,5.6,7.97
1873-04-01,5.04,0.31,0.44,13.23,5.55,91.83,5.65,8.02
1873-05-01,5.05,0.31,0.44,12.94,5.54,94.04,5.82,8.24
1873-06-01,4.98,0.32,0.45,12.56,5.53,95.55,6.04,8.54
1873-07-01,4.97,0.32,0.45,12.56,5.53,95.36,6.09,8.59
1873-08-01,4.97,0.32,0.45,12.56,5.52,95.36,6.14,8.63
1873-09-01,4.59,0.32,0.45,12.56,5.51,88.07,6.19,8.68
1873-10-01,4.19,0.33,0.46,12.27,5.5,82.26,6.38,8.93
1873-11-01,4.04,0.33,0.46,11.89,5.49,81.85,6.64,9.27
1873-12-01,4.42,0.33,0.46,12.18,5.48,87.45,6.53,9.1
1874-01-01,4.66,0.33,0.46,12.37,5.47,90.78,6.43,8.96
1874-02-01,4.8,0.33,0.46,12.37,5.44,93.51,6.43,8.96
1874-03-01,4.73,0.33,0.46,12.37,5.4,92.15,6.43,8.96
1874-04-01,4.6,0.33,0.46,12.18,5.37,91.02,6.53,9.1
1874-05-01,4.48,0.33,0.46,12.08,5.34,89.34,6.58,9.17
1874-06-01,4.46,0.33,0.46,11.8,5.3,91.09,6.74,9.4
1874-07-01,4.46,0.33,0.46,11.89,5.27,90.36,6.69,9.32
1874-08-01,4.47,0.33,0.46,11.8,5.24,91.3,6.74,9.4
1874-09-01,4.54,0.33,0.46,11.8,5.2,92.73,6.74,9.4
1874-10-01,4.53,0.33,0.46,11.61,5.17,94.04,6.85,9.55
1874-11-01,4.57,0.33,0.46,11.51,5.14,95.65,6.91,9.63
1874-12-01,4.54,0.33,0.46,11.51,5.1,95.03,6.91,9.63
1875-01-01,4.54,0.33,0.45,11.51,5.07,95.03,6.85,9.45
1875-02-01,4.53,0.33,0.44,11.51,5.03,94.82,6.8,9.28
1875-03-01,4.59,0.32,0.43,11.51,4.99,96.07,6.75,9.1
1875-04-01,4.65,0.32,0.43,11.61,4.95,96.53,6.64,8.86
1875-05-01,4.47,0.32,0.42,11.32,4.91,95.13,6.76,8.9
1875-06-01,4.38,0.32,0.41,11.13,4.87,94.81,6.82,8.87
1875-07-01,4.39,0.31,0.4,11.13,4.83,95.03,6.76,8.7
1875-08-01,4.41,0.31,0.39,11.23,4.79,94.65,6.65,8.44
1875-09-01,4.37,0.31,0.39,11.13,4.75,94.59,6.66,8.33
1875-10-01,4.3,0.3,0.38,11.13,4.71,93.08,6.6,8.15
1875-11-01,4.37,0.3,0.37,11.04,4.67,95.41,6.6,8.04
1875-12-01,4.37,0.3,0.36,10.94,4.63,96.24,6.61,7.93
1876-01-01,4.46,0.3,0.35,10.85,4.59,99.08,6.66,7.85
1876-02-01,4.52,0.3,0.35,10.85,4.58,100.42,6.66,7.7
1876-03-01,4.51,0.3,0.34,10.85,4.57,100.19,6.66,7.55
1876-04-01,4.34,0.3,0.33,10.75,4.56,97.27,6.72,7.47
1876-05-01,4.18,0.3,0.33,10.37,4.54,97.12,6.97,7.59
1876-06-01,4.15,0.3,0.32,10.09,4.53,99.15,7.17,7.65
1876-07-01,4.1,0.3,0.31,10.09,4.52,97.96,7.17,7.49
1876-08-01,3.93,0.3,0.31,10.18,4.51,93.02,7.1,7.26
1876-09-01,3.69,0.3,0.3,10.28,4.5,86.53,7.04,7.04
1876-10-01,3.67,0.3,0.29,10.47,4.49,84.5,6.91,6.75
1876-11-01,3.6,0.3,0.29,10.56,4.47,82.14,6.84,6.54
1876-12-01,3.58,0.3,0.28,10.75,4.46,80.24,6.72,6.28
1877-01-01,3.55,0.29,0.28,10.94,4.45,78.18,6.4,6.2
1877-02-01,3.34,0.28,0.28,10.66,4.44,75.53,6.37,6.41
1877-03-01,3.17,0.27,0.28,10.18,4.43,75.03,6.45,6.75
1877-04-01,2.94,0.26,0.29,10.47,4.42,67.69,6.06,6.6
1877-05-01,2.94,0.25,0.29,10.66,4.41,66.48,5.75,6.52
1877-06-01,2.73,0.24,0.29,10.09,4.4,65.23,5.85,6.93
1877-07-01,2.85,0.24,0.29,10.18,4.39,67.46,5.58,6.9
1877-08-01,3.05,0.23,0.29,9.8,4.39,74.99,5.57,7.21
1877-09-01,3.24,0.22,0.29,9.7,4.38,80.45,5.4,7.32
1877-10-01,3.31,0.21,0.3,9.7,4.37,82.19,5.17,7.37
1877-11-01,3.26,0.2,0.3,9.51,4.36,82.56,5.04,7.55
1877-12-01,3.25,0.19,0.3,9.51,4.35,82.31,4.81,7.6
1878-01-01,3.25,0.19,0.3,9.23,4.34,84.86,4.94,7.85
1878-02-01,3.18,0.19,0.3,9.13,4.33,83.89,4.97,7.96
1878-03-01,3.24,0.19,0.3,8.94,4.32,87.29,5.05,8.15
1878-04-01,3.33,0.19,0.3,8.85,4.31,90.68,5.08,8.26
1878-05-01,3.34,0.19,0.3,8.56,4.3,93.99,5.23,8.56
1878-06-01,3.41,0.18,0.3,8.37,4.29,98.14,5.32,8.78
1878-07-01,3.48,0.18,0.31,8.47,4.28,99.03,5.24,8.7
1878-08-01,3.45,0.18,0.31,8.56,4.27,97.08,5.16,8.63
1878-09-01,3.52,0.18,0.31,8.56,4.26,99.05,5.14,8.65
1878-10-01,3.48,0.18,0.31,8.47,4.25,99.03,5.17,8.77
1878-11-01,3.47,0.18,0.31,8.37,4.24,99.87,5.2,8.9
1878-12-01,3.45,0.18,0.31,8.18,4.23,101.6,5.3,9.13
1879-01-01,3.58,0.18,0.32,8.28,4.22,104.22,5.29,9.19
1879-02-01,3.71,0.18,0.32,8.37,4.2,106.77,5.28,9.26
1879-03-01,3.65,0.18,0.33,8.28,4.19,106.25,5.39,9.53
1879-04-01,3.77,0.19,0.33,8.18,4.17,111.02,5.5,9.82
1879-05-01,3.94,0.19,0.34,8.18,4.15,116.03,5.55,9.99
1879-06-01,3.96,0.19,0.34,8.09,4.14,117.99,5.66,10.28
1879-07-01,4.04,0.19,0.35,8.18,4.12,118.97,5.65,10.33
1879-08-01,4.07,0.19,0.36,8.18,4.1,119.86,5.69,10.5
1879-09-01,4.22,0.2,0.36,8.47,4.09,120.09,5.55,10.32
1879-10-01,4.68,0.2,0.37,8.94,4.07,126.09,5.3,9.92
1879-11-01,4.93,0.2,0.37,9.42,4.05,126.12,5.07,9.57
1879-12-01,4.92,0.2,0.38,9.7,4.04,122.16,4.97,9.44
1880-01-01,5.11,0.2,0.39,9.99,4.02,123.25,4.94,9.39
1880-02-01,5.2,0.21,0.4,9.99,3.99,125.42,5.07,9.61
1880-03-01,5.3,0.21,0.41,10.09,3.97,126.63,5.14,9.74
1880-04-01,5.18,0.22,0.42,9.7,3.94,128.62,5.46,10.35
1880-05-01,4.77,0.23,0.43,9.42,3.91,122.03,5.76,10.89
1880-06-01,4.79,0.23,0.43,9.23,3.89,125.06,6.01,11.36
1880-07-01,5.01,0.23,0.44,9.23,3.86,130.81,6.14,11.6
1880-08-01,5.19,0.24,0.45,9.23,3.83,135.51,6.27,11.84
1880-09-01,5.18,0.24,0.46,9.32,3.81,133.87,6.33,11.95
1880-10-01,5.33,0.25,0.47,9.32,3.78,137.74,6.46,12.19
1880-11-01,5.61,0.26,0.48,9.42,3.75,143.51,6.52,12.3
1880-12-01,5.84,0.26,0.49,9.51,3.73,147.9,6.58,12.41
1881-01-01,6.19,0.27,0.49,9.42,3.7,158.35,6.78,12.43
1881-02-01,6.17,0.27,0.48,9.51,3.69,156.26,6.84,12.2
1881-03-01,6.24,0.28,0.48,9.51,3.69,158.03,6.96,12.09
1881-04-01,6.22,0.28,0.47,9.61,3.68,155.97,7.02,11.87
1881-05-01,6.5,0.28,0.47,9.51,3.67,164.62,7.22,11.88
1881-06-01,6.58,0.29,0.47,9.51,3.67,166.65,7.34,11.78
1881-07-01,6.35,0.29,0.46,9.61,3.66,159.23,7.4,11.55
1881-08-01,6.2,0.3,0.46,9.8,3.65,152.45,7.38,11.23
1881-09-01,6.25,0.3,0.45,10.18,3.65,147.93,7.22,10.71
1881-10-01,6.15,0.31,0.45,10.28,3.64,144.22,7.27,10.51
1881-11-01,6.19,0.32,0.44,10.18,3.63,146.51,7.46,10.51
1881-12-01,6.01,0.32,0.44,10.18,3.63,142.25,7.57,10.41
1882-01-01,5.92,0.32,0.44,10.18,3.62,140.12,7.57,10.4
1882-02-01,5.79,0.32,0.44,10.28,3.62,135.78,7.5,10.28
1882-03-01,5.78,0.32,0.44,10.28,3.62,135.54,7.5,10.26
1882-04-01,5.78,0.32,0.44,10.37,3.62,134.3,7.44,10.15
1882-05-01,5.71,0.32,0.44,10.47,3.62,131.47,7.37,10.03
1882-06-01,5.68,0.32,0.43,10.56,3.62,129.6,7.3,9.93
1882-07-01,6.0,0.32,0.43,10.47,3.63,138.14,7.37,10.0
1882-08-01,6.18,0.32,0.43,10.56,3.63,141.01,7.3,9.89
1882-09-01,6.24,0.32,0.43,10.28,3.63,146.33,7.5,10.14
1882-10-01,6.07,0.32,0.43,10.18,3.63,143.67,7.57,10.22
1882-11-01,5.81,0.32,0.43,10.09,3.63,138.82,7.65,10.29
1882-12-01,5.84,0.32,0.43,9.99,3.63,140.86,7.72,10.37
1883-01-01,5.81,0.32,0.43,9.99,3.63,140.14,7.74,10.31
1883-02-01,5.68,0.32,0.42,10.09,3.63,135.71,7.69,10.15
1883-03-01,5.75,0.32,0.42,9.99,3.63,138.69,7.78,10.19
1883-04-01,5.87,0.32,0.42,9.9,3.63,142.95,7.87,10.23
1883-05-01,5.77,0.32,0.42,9.8,3.63,141.88,7.97,10.27
1883-06-01,5.82,0.33,0.41,9.51,3.63,147.4,8.23,10.51
1883-07-01,5.73,0.33,0.41,9.32,3.63,148.08,8.42,10.66
1883-08-01,5.47,0.33,0.41,9.32,3.62,141.36,8.44,10.6
1883-09-01,5.53,0.33,0.41,9.23,3.62,144.39,8.55,10.64
1883-10-01,5.38,0.33,0.41,9.23,3.62,140.47,8.57,10.57
1883-11-01,5.46,0.33,0.4,9.13,3.62,144.04,8.68,10.62
1883-12-01,5.34,0.33,0.4,9.23,3.62,139.42,8.62,10.44
1884-01-01,5.18,0.33,0.39,9.23,3.62,135.25,8.57,10.25
1884-02-01,5.32,0.33,0.39,9.23,3.61,138.9,8.53,10.05
1884-03-01,5.3,0.33,0.38,9.23,3.6,138.38,8.49,9.86
1884-04-01,5.06,0.32,0.37,9.04,3.59,134.9,8.62,9.86
1884-05-01,4.65,0.32,0.36,8.85,3.59,126.63,8.76,9.87
1884-06-01,4.46,0.32,0.35,8.85,3.58,121.46,8.71,9.67
1884-07-01,4.46,0.32,0.35,8.75,3.57,122.78,8.76,9.57
1884-08-01,4.74,0.32,0.34,8.75,3.56,130.48,8.72,9.36
1884-09-01,4.59,0.32,0.33,8.66,3.55,127.74,8.77,9.25
1884-10-01,4.44,0.31,0.33,8.56,3.54,124.94,8.82,9.15
1884-11-01,4.35,0.31,0.32,8.37,3.54,125.19,8.97,9.14
1884-12-01,4.34,0.31,0.31,8.28,3.53,126.34,9.02,9.02
1885-01-01,4.24,0.3,0.31,8.28,3.52,123.43,8.86,8.93
1885-02-01,4.37,0.3,0.3,8.37,3.51,125.77,8.58,8.73
1885-03-01,4.38,0.29,0.3,8.18,3.5,128.99,8.61,8.83
1885-04-01,4.37,0.29,0.3,8.28,3.48,127.21,8.35,8.64
1885-05-01,4.32,0.28,0.29,8.09,3.47,128.72,8.37,8.74
1885-06-01,4.3,0.28,0.29,7.9,3.46,131.21,8.39,8.85
1885-07-01,4.46,0.27,0.29,7.99,3.44,134.47,8.12,8.64
1885-08-01,4.71,0.26,0.28,7.99,3.43,142.01,7.94,8.54
1885-09-01,4.65,0.26,0.28,7.9,3.42,141.89,7.86,8.54
1885-10-01,4.92,0.25,0.28,7.9,3.41,150.13,7.68,8.44
1885-11-01,5.24,0.25,0.27,7.99,3.4,157.99,7.41,8.24
1885-12-01,5.2,0.24,0.27,8.18,3.38,153.14,7.07,7.95
1886-01-01,5.2,0.24,0.28,7.99,3.37,156.78,7.18,8.29
1886-02-01,5.3,0.24,0.28,7.99,3.38,159.8,7.14,8.44
1886-03-01,5.19,0.23,0.28,7.9,3.4,158.36,7.17,8.7
1886-04-01,5.12,0.23,0.29,7.8,3.41,158.13,7.21,8.96
1886-05-01,5.02,0.23,0.29,7.61,3.42,158.92,7.34,9.34
1886-06-01,5.25,0.23,0.3,7.52,3.43,168.31,7.37,9.62
1886-07-01,5.33,0.23,0.3,7.61,3.44,168.74,7.23,9.66
1886-08-01,5.37,0.23,0.31,7.71,3.46,167.9,7.09,9.69
1886-09-01,5.51,0.23,0.32,7.71,3.47,172.28,7.04,9.85
1886-10-01,5.65,0.22,0.32,7.71,3.48,176.66,6.98,10.01
1886-11-01,5.79,0.22,0.33,7.71,3.5,181.04,6.93,10.16
1886-12-01,5.64,0.22,0.33,7.8,3.51,174.19,6.79,10.19
1887-01-01,5.58,0.22,0.33,7.99,3.52,168.24,6.71,10.02
1887-02-01,5.54,0.23,0.34,8.09,3.53,165.07,6.7,9.98
1887-03-01,5.67,0.23,0.34,8.09,3.55,168.94,6.78,10.06
1887-04-01,5.8,0.23,0.34,8.09,3.56,172.81,6.85,10.13
1887-05-01,5.9,0.23,0.34,8.09,3.57,175.79,6.93,10.2
1887-06-01,5.73,0.23,0.34,7.99,3.58,172.76,7.09,10.4
1887-07-01,5.59,0.24,0.35,7.9,3.59,170.57,7.25,10.6
1887-08-01,5.45,0.24,0.35,7.99,3.61,164.32,7.24,10.55
1887-09-01,5.38,0.24,0.35,7.9,3.62,164.16,7.4,10.76
1887-10-01,5.2,0.24,0.35,7.99,3.63,156.78,7.39,10.7
1887-11-01,5.3,0.25,0.36,8.09,3.65,157.92,7.37,10.65
1887-12-01,5.27,0.25,0.36,8.28,3.66,153.41,7.28,10.48
1888-01-01,5.31,0.25,0.35,8.37,3.67,152.82,7.15,10.12
1888-02-01,5.28,0.25,0.34,8.28,3.65,153.7,7.18,9.99
1888-03-01,5.08,0.24,0.34,8.28,3.63,147.88,7.13,9.75
1888-04-01,5.1,0.24,0.33,8.18,3.62,150.19,7.16,9.62
1888-05-01,5.17,0.24,0.32,8.09,3.6,154.04,7.2,9.48
1888-06-01,5.01,0.24,0.31,7.99,3.58,151.05,7.24,9.35
1888-07-01,5.14,0.24,0.3,8.09,3.56,153.15,7.1,8.99
1888-08-01,5.25,0.24,0.29,8.09,3.54,156.43,7.05,8.74
1888-09-01,5.38,0.23,0.28,8.09,3.52,160.3,7.0,8.49
1888-10-01,5.35,0.23,0.28,8.18,3.5,157.55,6.87,8.15
1888-11-01,5.24,0.23,0.27,8.28,3.49,152.54,6.74,7.81
1888-12-01,5.14,0.23,0.26,8.28,3.47,149.63,6.7,7.57
1889-01-01,5.24,0.23,0.26,7.99,3.45,157.99,6.91,7.94
1889-02-01,5.3,0.23,0.27,7.9,3.45,161.72,6.97,8.14
1889-03-01,5.19,0.23,0.27,7.8,3.44,160.3,7.03,8.34
1889-04-01,5.18,0.23,0.27,7.8,3.44,159.99,7.0,8.44
1889-05-01,5.32,0.23,0.28,7.61,3.44,168.42,7.15,8.76
1889-06-01,5.41,0.23,0.28,7.61,3.44,171.27,7.12,8.86
1889-07-01,5.3,0.22,0.28,7.61,3.44,167.79,7.1,8.97
1889-08-01,5.37,0.22,0.29,7.61,3.43,170.0,7.07,9.08
1889-09-01,5.5,0.22,0.29,7.71,3.43,171.97,6.96,9.07
1889-10-01,5.4,0.22,0.29,7.71,3.43,168.84,6.93,9.17
1889-11-01,5.35,0.22,0.3,7.71,3.43,167.28,6.9,9.28
1889-12-01,5.32,0.22,0.3,7.8,3.42,164.31,6.79,9.27
1890-01-01,5.38,0.22,0.3,7.61,3.42,170.32,6.96,9.47
1890-02-01,5.32,0.22,0.3,7.61,3.44,168.42,6.96,9.44
1890-03-01,5.28,0.22,0.3,7.61,3.45,167.15,6.96,9.42
1890-04-01,5.39,0.22,0.3,7.61,3.47,170.63,6.96,9.39
1890-05-01,5.62,0.22,0.3,7.71,3.49,175.72,6.88,9.25
1890-06-01,5.58,0.22,0.29,7.71,3.5,174.47,6.88,9.22
1890-07-01,5.54,0.22,0.29,7.71,3.52,173.22,6.88,9.2
1890-08-01,5.41,0.22,0.29,7.99,3.54,163.11,6.63,8.84
1890-09-01,5.32,0.22,0.29,8.09,3.55,158.51,6.56,8.72
1890-10-01,5.08,0.22,0.29,8.09,3.57,151.36,6.56,8.69
1890-11-01,4.71,0.22,0.29,7.9,3.59,143.72,6.71,8.87
1890-12-01,4.6,0.22,0.29,7.9,3.6,140.36,6.71,8.85
1891-01-01,4.84,0.22,0.29,7.8,3.62,149.49,6.79,9.09
1891-02-01,4.9,0.22,0.3,7.9,3.62,149.52,6.71,9.1
1891-03-01,4.81,0.22,0.3,7.99,3.62,145.02,6.63,9.12
1891-04-01,4.97,0.22,0.31,8.09,3.61,148.08,6.56,9.14
1891-05-01,4.95,0.22,0.31,7.99,3.61,149.24,6.63,9.37
1891-06-01,4.85,0.22,0.32,7.8,3.61,149.79,6.79,9.73
1891-07-01,4.77,0.22,0.32,7.71,3.61,149.14,6.88,9.98
1891-08-01,4.93,0.22,0.32,7.71,3.61,154.15,6.88,10.11
1891-09-01,5.33,0.22,0.33,7.61,3.61,168.74,6.96,10.37
1891-10-01,5.33,0.22,0.33,7.61,3.6,168.74,6.96,10.5
1891-11-01,5.25,0.22,0.34,7.52,3.6,168.31,7.05,10.77
1891-12-01,5.41,0.22,0.34,7.52,3.6,173.44,7.05,10.9
1892-01-01,5.51,0.22,0.34,7.33,3.6,181.23,7.29,11.27
1892-02-01,5.52,0.22,0.34,7.33,3.61,181.56,7.34,11.35
1892-03-01,5.58,0.23,0.35,7.14,3.63,188.43,7.6,11.73
1892-04-01,5.57,0.23,0.35,7.04,3.64,190.63,7.76,11.98
1892-05-01,5.57,0.23,0.35,7.04,3.65,190.63,7.81,12.06
1892-06-01,5.54,0.23,0.35,7.04,3.66,189.6,7.87,12.15
1892-07-01,5.54,0.23,0.36,7.23,3.67,184.61,7.72,11.91
1892-08-01,5.62,0.23,0.36,7.33,3.69,184.85,7.67,11.84
1892-09-01,5.48,0.23,0.36,7.33,3.7,180.24,7.73,11.92
1892-10-01,5.59,0.24,0.36,7.33,3.71,183.86,7.79,12.01
1892-11-01,5.57,0.24,0.37,7.52,3.73,178.57,7.64,11.78
1892-12-01,5.51,0.24,0.37,7.61,3.74,174.43,7.6,11.71
1893-01-01,5.61,0.24,0.36,7.9,3.75,171.18,7.35,11.01
1893-02-01,5.51,0.24,0.35,7.99,3.75,166.13,7.29,10.6
1893-03-01,5.31,0.24,0.34,7.8,3.74,164.0,7.49,10.58
1893-04-01,5.31,0.24,0.33,7.71,3.74,166.03,7.61,10.42
1893-05-01,4.84,0.24,0.32,7.61,3.73,153.22,7.73,10.26
1893-06-01,4.61,0.24,0.32,7.42,3.73,149.68,7.96,10.23
1893-07-01,4.18,0.25,0.31,7.23,3.73,139.29,8.19,10.19
1893-08-01,4.08,0.25,0.3,6.95,3.72,141.55,8.56,10.29
1893-09-01,4.37,0.25,0.29,7.23,3.72,145.63,8.25,9.58
1893-10-01,4.5,0.25,0.28,7.33,3.71,148.01,8.17,9.15
1893-11-01,4.57,0.25,0.27,7.14,3.71,154.32,8.42,9.09
1893-12-01,4.41,0.25,0.26,7.04,3.7,150.93,8.56,8.9
1894-01-01,4.32,0.25,0.25,6.85,3.7,151.96,8.68,8.85
1894-02-01,4.38,0.24,0.24,6.76,3.68,156.24,8.68,8.68
1894-03-01,4.51,0.24,0.23,6.57,3.66,165.54,8.81,8.63
1894-04-01,4.57,0.24,0.23,6.57,3.64,167.74,8.69,8.32
1894-05-01,4.4,0.23,0.22,6.57,3.62,161.5,8.56,8.01
1894-06-01,4.34,0.23,0.21,6.57,3.6,159.3,8.44,7.71
1894-07-01,4.25,0.23,0.2,6.57,3.58,155.99,8.32,7.4
1894-08-01,4.41,0.22,0.19,6.76,3.56,157.31,7.97,6.9
1894-09-01,4.48,0.22,0.18,6.85,3.54,157.58,7.74,6.51
1894-10-01,4.34,0.22,0.18,6.66,3.52,157.02,7.84,6.39
1894-11-01,4.34,0.21,0.17,6.66,3.5,157.02,7.72,6.09
1894-12-01,4.3,0.21,0.16,6.57,3.48,157.83,7.71,5.87
1895-01-01,4.25,0.21,0.17,6.57,3.46,155.99,7.65,6.15
1895-02-01,4.19,0.21,0.17,6.57,3.47,153.79,7.59,6.42
1895-03-01,4.19,0.2,0.18,6.57,3.48,153.79,7.52,6.7
1895-04-01,4.37,0.2,0.19,6.85,3.5,153.72,7.15,6.68
1895-05-01,4.61,0.2,0.2,6.95,3.51,159.94,7.0,6.85
1895-06-01,4.7,0.2,0.2,7.04,3.52,160.86,6.84,7.02
1895-07-01,4.72,0.2,0.21,6.95,3.53,163.75,6.88,7.37
1895-08-01,4.79,0.2,0.22,6.85,3.54,168.49,6.92,7.74
1895-09-01,4.82,0.2,0.23,6.85,3.55,169.54,6.86,8.0
1895-10-01,4.75,0.19,0.23,6.85,3.56,167.08,6.8,8.27
1895-11-01,4.59,0.19,0.24,6.85,3.58,161.45,6.74,8.53
1895-12-01,4.32,0.19,0.25,6.76,3.59,154.1,6.78,8.92
1896-01-01,4.27,0.19,0.25,6.66,3.6,154.49,6.85,8.93
1896-02-01,4.45,0.19,0.24,6.57,3.58,163.34,6.91,8.93
1896-03-01,4.38,0.19,0.24,6.57,3.57,160.77,6.88,8.81
1896-04-01,4.42,0.19,0.24,6.47,3.55,164.62,6.95,8.82
1896-05-01,4.4,0.19,0.23,6.37,3.53,166.32,7.02,8.82
1896-06-01,4.32,0.18,0.23,6.28,3.52,165.77,7.1,8.83
1896-07-01,4.04,0.18,0.23,6.28,3.5,155.03,7.07,8.7
1896-08-01,3.81,0.18,0.22,6.28,3.48,146.2,7.03,8.57
1896-09-01,4.01,0.18,0.22,6.28,3.47,153.88,7.0,8.44
1896-10-01,4.1,0.18,0.22,6.47,3.45,152.7,6.77,8.07
1896-11-01,4.38,0.18,0.21,6.66,3.43,158.47,6.54,7.72
1896-12-01,4.22,0.18,0.21,6.66,3.42,152.68,6.51,7.6
1897-01-01,4.22,0.18,0.22,6.47,3.4,157.17,6.7,8.13
1897-02-01,4.18,0.18,0.23,6.47,3.4,155.68,6.7,8.44
1897-03-01,4.19,0.18,0.23,6.47,3.39,156.05,6.7,8.75
1897-04-01,4.06,0.18,0.24,6.37,3.39,153.47,6.8,9.2
1897-05-01,4.08,0.18,0.25,6.28,3.38,156.56,6.91,9.66
1897-06-01,4.27,0.18,0.26,6.28,3.38,163.85,6.91,9.98
1897-07-01,4.46,0.18,0.27,6.28,3.38,171.14,6.91,10.3
1897-08-01,4.75,0.18,0.28,6.57,3.37,174.35,6.61,10.16
1897-09-01,4.98,0.18,0.28,6.76,3.37,177.64,6.42,10.17
1897-10-01,4.82,0.18,0.29,6.66,3.36,174.39,6.51,10.61
1897-11-01,4.65,0.18,0.3,6.66,3.36,168.24,6.51,10.92
1897-12-01,4.75,0.18,0.31,6.66,3.35,171.86,6.51,11.22
1898-01-01,4.88,0.18,0.31,6.66,3.35,176.56,6.57,11.34
1898-02-01,4.87,0.18,0.32,6.76,3.33,173.72,6.54,11.3
1898-03-01,4.65,0.18,0.32,6.76,3.31,165.87,6.6,11.41
1898-04-01,4.57,0.19,0.32,6.76,3.29,163.01,6.66,11.53
1898-05-01,4.87,0.19,0.33,7.23,3.27,162.29,6.27,10.89
1898-06-01,5.06,0.19,0.33,6.76,3.25,180.49,6.78,11.77
1898-07-01,5.08,0.19,0.33,6.66,3.23,183.8,6.94,12.06
1898-08-01,5.27,0.19,0.34,6.66,3.2,190.67,6.99,12.18
1898-09-01,5.26,0.2,0.34,6.66,3.18,190.31,7.06,12.3
1898-10-01,5.15,0.2,0.34,6.66,3.16,186.33,7.12,12.42
1898-11-01,5.32,0.2,0.35,6.66,3.14,192.48,7.17,12.54
1898-12-01,5.65,0.2,0.35,6.76,3.12,201.54,7.13,12.48
1899-01-01,6.08,0.2,0.36,6.76,3.1,216.88,7.16,12.87
1899-02-01,6.31,0.2,0.37,6.95,3.1,218.92,7.0,12.9
1899-03-01,6.4,0.2,0.38,6.95,3.11,222.04,7.03,13.27
1899-04-01,6.48,0.2,0.39,7.04,3.11,221.78,6.96,13.46
1899-05-01,6.21,0.2,0.4,7.04,3.12,212.53,6.99,13.83
1899-06-01,6.07,0.2,0.41,7.14,3.12,204.97,6.92,14.01
1899-07-01,6.28,0.21,0.43,7.23,3.13,209.27,6.86,14.19
1899-08-01,6.44,0.21,0.44,7.33,3.13,211.82,6.8,14.36
1899-09-01,6.37,0.21,0.45,7.61,3.13,201.66,6.57,14.17
1899-10-01,6.34,0.21,0.46,7.71,3.14,198.23,6.51,14.33
1899-11-01,6.46,0.21,0.47,7.8,3.14,199.52,6.46,14.49
1899-12-01,6.02,0.21,0.48,7.9,3.15,183.69,6.41,14.65
1900-01-01,6.1,0.22,0.48,7.9,3.15,186.13,6.64,14.65
1900-02-01,6.21,0.23,0.48,7.99,3.15,187.23,6.78,14.47
1900-03-01,6.26,0.23,0.48,7.99,3.14,188.74,7.01,14.47
1900-04-01,6.34,0.24,0.48,7.99,3.14,191.15,7.24,14.47
1900-05-01,6.04,0.25,0.48,7.8,3.13,186.55,7.64,14.83
1900-06-01,5.86,0.26,0.48,7.71,3.13,183.22,7.97,15.01
1900-07-01,5.86,0.26,0.48,7.8,3.13,180.99,8.11,14.83
1900-08-01,5.94,0.27,0.48,7.71,3.12,185.73,8.44,15.01
1900-09-01,5.8,0.28,0.48,7.8,3.12,179.14,8.57,14.83
1900-10-01,6.01,0.28,0.48,7.71,3.11,187.91,8.91,15.01
1900-11-01,6.48,0.29,0.48,7.71,3.11,202.61,9.15,15.01
1900-12-01,6.87,0.3,0.48,7.61,3.1,217.49,9.5,15.2
1901-01-01,7.07,0.3,0.48,7.71,3.1,221.06,9.43,15.06
1901-02-01,7.25,0.3,0.48,7.61,3.11,229.52,9.6,15.3
1901-03-01,7.51,0.3,0.48,7.61,3.11,237.75,9.66,15.35
1901-04-01,8.14,0.31,0.49,7.52,3.12,260.96,9.83,15.6
1901-05-01,7.73,0.31,0.49,7.52,3.13,247.81,9.88,15.65
1901-06-01,8.5,0.31,0.49,7.52,3.13,272.5,9.94,15.71
1901-07-01,7.93,0.31,0.49,7.61,3.14,251.05,9.87,15.57
1901-08-01,8.04,0.31,0.49,7.71,3.15,251.39,9.8,15.42
1901-09-01,8.0,0.32,0.49,7.8,3.15,247.08,9.73,15.29
1901-10-01,7.91,0.32,0.5,7.8,3.16,244.3,9.78,15.34
1901-11-01,8.08,0.32,0.5,7.9,3.17,246.55,9.71,15.2
1901-12-01,7.95,0.32,0.5,7.99,3.17,239.69,9.65,15.08
1902-01-01,8.12,0.32,0.51,7.9,3.18,247.77,9.79,15.59
1902-02-01,8.19,0.32,0.52,7.9,3.19,249.9,9.82,15.92
1902-03-01,8.2,0.32,0.53,7.9,3.2,250.21,9.84,16.25
1902-04-01,8.48,0.32,0.54,7.99,3.21,255.67,9.75,16.38
1902-05-01,8.46,0.32,0.55,8.09,3.22,252.07,9.66,16.51
1902-06-01,8.41,0.33,0.56,8.18,3.23,247.67,9.57,16.64
1902-07-01,8.6,0.33,0.58,8.18,3.24,253.26,9.59,16.96
1902-08-01,8.83,0.33,0.59,8.09,3.25,263.09,9.73,17.48
1902-09-01,8.85,0.33,0.6,8.18,3.26,260.62,9.64,17.6
1902-10-01,8.57,0.33,0.61,8.75,3.27,235.92,9.04,16.75
1902-11-01,8.24,0.33,0.62,8.47,3.28,234.48,9.37,17.62
1902-12-01,8.05,0.33,0.63,8.56,3.29,226.53,9.29,17.73
1903-01-01,8.46,0.33,0.62,8.66,3.3,235.45,9.23,17.3
1903-02-01,8.41,0.33,0.61,8.66,3.31,234.06,9.28,17.07
1903-03-01,8.08,0.34,0.6,8.37,3.32,232.54,9.64,17.41
1903-04-01,7.75,0.34,0.6,8.37,3.33,223.04,9.69,17.17
1903-05-01,7.6,0.34,0.59,8.18,3.33,223.81,9.96,17.32
1903-06-01,7.18,0.34,0.58,8.18,3.34,211.44,10.01,17.08
1903-07-01,6.85,0.34,0.57,8.18,3.35,201.73,10.06,16.84
1903-08-01,6.63,0.34,0.56,8.18,3.36,195.25,10.11,16.59
1903-09-01,6.47,0.34,0.56,8.28,3.37,188.34,10.04,16.16
1903-10-01,6.26,0.35,0.55,8.18,3.37,184.35,10.21,16.1
1903-11-01,6.28,0.35,0.54,8.09,3.38,187.12,10.38,16.04
1903-12-01,6.57,0.35,0.53,8.09,3.39,195.76,10.43,15.79
1904-01-01,6.68,0.35,0.53,8.28,3.4,194.46,10.09,15.33
1904-02-01,6.5,0.34,0.52,8.47,3.41,184.97,9.77,14.89
1904-03-01,6.48,0.34,0.52,8.37,3.41,186.49,9.79,14.97
1904-04-01,6.64,0.34,0.52,8.28,3.42,193.29,9.8,15.04
1904-05-01,6.5,0.33,0.51,8.09,3.43,193.67,9.93,15.29
1904-06-01,6.51,0.33,0.51,8.09,3.43,193.97,9.83,15.2
1904-07-01,6.78,0.33,0.51,8.09,3.44,202.01,9.73,15.1
1904-08-01,7.01,0.32,0.5,8.18,3.45,206.44,9.52,14.82
1904-09-01,7.32,0.32,0.5,8.28,3.45,213.09,9.32,14.56
1904-10-01,7.75,0.32,0.5,8.28,3.46,225.61,9.22,14.46
1904-11-01,8.17,0.31,0.49,8.47,3.47,232.49,8.92,14.04
1904-12-01,8.25,0.31,0.49,8.47,3.47,234.77,8.82,13.94
1905-01-01,8.43,0.31,0.51,8.47,3.48,239.89,8.87,14.37
1905-02-01,8.8,0.31,0.52,8.47,3.48,250.42,8.92,14.8
1905-03-01,9.05,0.32,0.54,8.37,3.47,260.46,9.07,15.4
1905-04-01,8.94,0.32,0.55,8.37,3.47,257.29,9.11,15.83
1905-05-01,8.5,0.32,0.56,8.28,3.46,247.44,9.27,16.45
1905-06-01,8.6,0.32,0.58,8.28,3.46,250.35,9.32,16.88
1905-07-01,8.87,0.32,0.59,8.28,3.46,258.21,9.36,17.32
1905-08-01,9.2,0.32,0.61,8.37,3.45,264.77,9.3,17.56
1905-09-01,9.23,0.33,0.63,8.28,3.45,268.69,9.46,18.19
1905-10-01,9.36,0.33,0.64,8.28,3.44,272.47,9.51,18.63
1905-11-01,9.31,0.33,0.66,8.37,3.44,267.94,9.45,18.85
1905-12-01,9.54,0.33,0.67,8.47,3.43,271.47,9.39,19.07
1906-01-01,9.87,0.34,0.68,8.47,3.43,280.87,9.56,19.28
1906-02-01,9.8,0.34,0.69,8.47,3.45,278.87,9.72,19.49
1906-03-01,9.56,0.35,0.69,8.47,3.47,272.04,9.89,19.71
1906-04-01,9.43,0.35,0.7,8.47,3.49,268.34,10.05,19.92
1906-05-01,9.18,0.36,0.71,8.56,3.51,258.33,10.11,19.91
1906-06-01,9.3,0.36,0.71,8.56,3.53,261.7,10.27,20.12
1906-07-01,9.06,0.37,0.72,8.28,3.55,263.74,10.79,21.03
1906-08-01,9.73,0.38,0.73,8.47,3.57,276.88,10.72,20.77
1906-09-01,10.03,0.38,0.74,8.56,3.59,282.25,10.76,20.75
1906-10-01,9.73,0.39,0.74,8.75,3.61,267.85,10.69,20.51
1906-11-01,9.93,0.39,0.75,8.85,3.63,270.42,10.74,20.49
1906-12-01,9.84,0.4,0.76,8.94,3.65,265.12,10.78,20.48
1907-01-01,9.56,0.4,0.75,8.85,3.67,260.34,10.98,20.47
1907-02-01,9.26,0.41,0.74,9.04,3.69,246.86,10.84,19.82
1907-03-01,8.35,0.41,0.73,8.94,3.7,224.97,11.05,19.8
1907-04-01,8.39,0.41,0.73,8.94,3.72,226.05,11.14,19.58
1907-05-01,8.1,0.42,0.72,9.13,3.74,213.69,10.99,18.95
1907-06-01,7.84,0.42,0.71,9.23,3.75,204.7,10.97,18.54
1907-07-01,8.14,0.42,0.7,9.23,3.77,212.53,11.05,18.32
1907-08-01,7.53,0.43,0.69,9.23,3.79,196.6,11.14,18.1
1907-09-01,7.45,0.43,0.69,9.23,3.8,194.52,11.23,17.89
1907-10-01,6.64,0.43,0.68,9.32,3.82,171.6,11.2,17.49
1907-11-01,6.25,0.44,0.67,8.94,3.84,168.39,11.77,18.01
1907-12-01,6.57,0.44,0.66,8.75,3.85,180.86,12.11,18.17
1908-01-01,6.85,0.44,0.65,8.66,3.87,190.64,12.15,18.18
1908-02-01,6.6,0.43,0.65,8.56,3.86,185.73,12.19,18.2
1908-03-01,6.87,0.43,0.64,8.56,3.85,193.32,12.1,18.01
1908-04-01,7.24,0.43,0.63,8.66,3.84,201.5,11.88,17.63
1908-05-01,7.63,0.42,0.63,8.66,3.83,212.35,11.78,17.44
1908-06-01,7.64,0.42,0.62,8.66,3.82,212.63,11.69,17.26
1908-07-01,7.92,0.42,0.61,8.75,3.81,218.02,11.47,16.88
1908-08-01,8.26,0.41,0.61,8.75,3.81,227.38,11.38,16.7
1908-09-01,8.17,0.41,0.6,8.75,3.8,224.91,11.29,16.52
1908-10-01,8.27,0.41,0.59,8.85,3.79,225.21,11.08,16.16
1908-11-01,8.83,0.4,0.59,8.94,3.78,237.9,10.87,15.81
1908-12-01,9.03,0.4,0.58,9.04,3.77,240.73,10.66,15.46
1909-01-01,9.06,0.4,0.59,8.94,3.76,244.1,10.87,16.03
1909-02-01,8.8,0.41,0.61,9.04,3.77,234.6,10.84,16.26
1909-03-01,8.92,0.41,0.63,9.04,3.78,237.8,10.93,16.66
1909-04-01,9.32,0.41,0.64,9.23,3.8,243.34,10.79,16.71
1909-05-01,9.63,0.42,0.66,9.32,3.81,248.87,10.77,16.93
1909-06-01,9.8,0.42,0.67,9.42,3.82,250.7,10.74,17.14
1909-07-01,9.94,0.42,0.69,9.42,3.83,254.28,10.83,17.52
1909-08-01,10.18,0.43,0.7,9.51,3.85,257.82,10.81,17.73
1909-09-01,10.19,0.43,0.71,9.61,3.86,255.52,10.78,17.93
1909-10-01,10.23,0.43,0.73,9.8,3.87,251.54,10.65,17.95
1909-11-01,10.18,0.44,0.74,9.9,3.88,247.9,10.63,18.14
1909-12-01,10.3,0.44,0.76,9.99,3.9,248.44,10.61,18.33
1910-01-01,10.08,0.44,0.76,9.9,3.91,245.47,10.78,18.45
1910-02-01,9.72,0.45,0.76,9.9,3.92,236.7,10.84,18.39
1910-03-01,9.96,0.45,0.75,10.09,3.92,237.97,10.69,17.98
1910-04-01,9.72,0.45,0.75,10.18,3.93,230.07,10.65,17.75
1910-05-01,9.56,0.45,0.75,9.99,3.93,230.59,10.91,18.03
1910-06-01,9.1,0.46,0.74,9.9,3.94,221.6,11.08,18.14
1910-07-01,8.64,0.46,0.74,9.9,3.95,210.4,11.14,18.08
1910-08-01,8.85,0.46,0.74,9.8,3.95,217.61,11.31,18.2
1910-09-01,8.91,0.46,0.74,9.7,3.96,221.23,11.48,18.31
1910-10-01,9.32,0.47,0.73,9.42,3.96,238.42,11.9,18.8
1910-11-01,9.31,0.47,0.73,9.23,3.97,243.08,12.21,19.13
1910-12-01,9.05,0.47,0.73,9.23,3.97,236.29,12.27,19.06
1911-01-01,9.27,0.47,0.72,9.23,3.98,242.04,12.27,18.75
1911-02-01,9.43,0.47,0.71,8.94,3.98,254.07,12.66,19.04
1911-03-01,9.32,0.47,0.69,9.04,3.98,248.46,12.53,18.53
1911-04-01,9.28,0.47,0.68,8.75,3.99,255.46,12.94,18.81
1911-05-01,9.48,0.47,0.67,8.75,3.99,260.97,12.94,18.49
1911-06-01,9.67,0.47,0.66,8.75,3.99,266.2,12.94,18.17
1911-07-01,9.63,0.47,0.65,8.85,4.0,262.25,12.8,17.65
1911-08-01,9.17,0.47,0.64,9.13,4.0,241.92,12.4,16.8
1911-09-01,8.67,0.47,0.63,9.23,4.0,226.37,12.27,16.32
1911-10-01,8.72,0.47,0.61,9.23,4.0,227.68,12.27,16.01
1911-11-01,9.07,0.47,0.6,9.13,4.0,239.28,12.4,15.87
1911-12-01,9.11,0.47,0.59,9.04,4.01,242.86,12.53,15.73
1912-01-01,9.12,0.47,0.6,9.13,4.01,240.6,12.42,15.81
1912-02-01,9.04,0.47,0.61,9.23,4.05,236.03,12.32,15.88
1912-03-01,9.3,0.47,0.62,9.42,4.08,237.91,12.09,15.8
1912-04-01,9.59,0.47,0.63,9.7,4.12,238.12,11.75,15.56
1912-05-01,9.58,0.47,0.64,9.7,4.16,237.87,11.77,15.79
1912-06-01,9.58,0.47,0.65,9.61,4.19,240.22,11.91,16.17
1912-07-01,9.59,0.48,0.65,9.61,4.23,240.47,11.93,16.4
1912-08-01,9.81,0.48,0.66,9.7,4.27,243.58,11.84,16.47
1912-09-01,9.86,0.48,0.67,9.8,4.3,242.44,11.74,16.54
1912-10-01,9.84,0.48,0.68,9.8,4.34,241.95,11.76,16.76
1912-11-01,9.73,0.48,0.69,9.8,4.38,239.25,11.78,16.99
1912-12-01,9.38,0.48,0.7,9.7,4.41,232.9,11.92,17.38
1913-01-01,9.3,0.48,0.69,9.8,4.45,228.67,11.8,17.07
1913-02-01,8.97,0.48,0.69,9.8,4.43,220.56,11.8,16.92
1913-03-01,8.8,0.48,0.68,9.8,4.4,216.38,11.8,16.78
1913-04-01,8.79,0.48,0.68,9.8,4.38,216.13,11.8,16.64
1913-05-01,8.55,0.48,0.67,9.7,4.35,212.4,11.92,16.66
1913-06-01,8.12,0.48,0.67,9.8,4.33,199.66,11.8,16.35
1913-07-01,8.23,0.48,0.66,9.9,4.3,200.32,11.68,16.05
1913-08-01,8.45,0.48,0.65,9.9,4.28,205.67,11.68,15.9
1913-09-01,8.53,0.48,0.65,10.0,4.26,205.55,11.57,15.6
1913-10-01,8.26,0.48,0.64,10.0,4.23,199.04,11.57,15.46
1913-11-01,8.05,0.48,0.64,10.1,4.21,192.06,11.45,15.17
1913-12-01,8.04,0.48,0.63,10.0,4.18,193.74,11.57,15.18
1914-01-01,8.37,0.47,0.62,10.0,4.16,201.69,11.45,14.96
1914-02-01,8.48,0.47,0.61,9.9,4.17,206.4,11.44,14.89
1914-03-01,8.32,0.47,0.6,9.9,4.17,202.51,11.32,14.66
1914-04-01,8.12,0.46,0.59,9.8,4.18,199.66,11.31,14.59
1914-05-01,8.17,0.46,0.58,9.9,4.19,198.86,11.07,14.22
1914-06-01,8.13,0.45,0.57,9.9,4.19,197.89,10.95,14.0
1914-07-01,7.68,0.45,0.57,10.0,4.2,185.06,10.72,13.63
1914-08-01,7.68,0.44,0.56,10.2,4.21,181.43,10.39,13.15
1914-09-01,7.68,0.43,0.55,10.2,4.21,181.43,10.28,12.93
1914-10-01,7.68,0.43,0.54,10.1,4.22,183.23,10.26,12.84
1914-11-01,7.68,0.42,0.53,10.2,4.23,181.43,10.04,12.5
1914-12-01,7.35,0.42,0.52,10.1,4.23,175.36,10.02,12.41
1915-01-01,7.48,0.42,0.55,10.1,4.24,178.46,10.04,13.12
1915-02-01,7.38,0.42,0.58,10.0,4.22,177.83,10.16,13.98
1915-03-01,7.57,0.42,0.61,9.9,4.21,184.25,10.28,14.85
1915-04-01,8.14,0.42,0.64,10.0,4.19,196.15,10.2,15.42
1915-05-01,7.95,0.42,0.67,10.1,4.18,189.67,10.12,15.98
1915-06-01,8.04,0.42,0.7,10.1,4.16,191.82,10.14,16.7
1915-07-01,8.01,0.43,0.73,10.1,4.14,191.1,10.16,17.42
1915-08-01,8.35,0.43,0.76,10.1,4.13,199.22,10.18,18.13
1915-09-01,8.66,0.43,0.79,10.1,4.11,206.61,10.2,18.85
1915-10-01,9.14,0.43,0.82,10.2,4.1,215.93,10.12,19.37
1915-11-01,9.46,0.43,0.85,10.3,4.08,221.32,10.04,19.89
1915-12-01,9.48,0.43,0.88,10.3,4.07,221.78,10.06,20.59
1916-01-01,9.33,0.44,0.93,10.4,4.05,216.18,10.21,21.65
1916-02-01,9.2,0.45,0.99,10.4,4.06,213.16,10.47,22.9
1916-03-01,9.17,0.46,1.04,10.5,4.08,210.44,10.61,23.91
1916-04-01,9.07,0.47,1.1,10.6,4.09,206.19,10.76,24.94
1916-05-01,9.27,0.48,1.15,10.7,4.11,208.76,10.9,25.92
1916-06-01,9.36,0.49,1.21,10.8,4.13,208.84,11.04,26.89
1916-07-01,9.23,0.51,1.26,10.8,4.14,205.94,11.29,28.09
1916-08-01,9.3,0.52,1.31,10.9,4.16,205.6,11.42,29.03
1916-09-01,9.68,0.53,1.37,11.1,4.17,210.14,11.45,29.7
1916-10-01,9.98,0.54,1.42,11.3,4.19,212.82,11.48,30.32
1916-11-01,10.21,0.55,1.48,11.5,4.2,213.94,11.51,30.93
1916-12-01,9.8,0.56,1.53,11.6,4.21,203.58,11.63,31.78
1917-01-01,9.57,0.57,1.51,11.7,4.23,197.1,11.76,31.08
1917-02-01,9.03,0.58,1.49,12.0,4.26,181.33,11.68,29.88
1917-03-01,9.31,0.59,1.47,12.0,4.29,186.95,11.9,29.48
1917-04-01,9.17,0.6,1.45,12.6,4.32,175.37,11.54,27.67
1917-05-01,8.86,0.61,1.43,12.8,4.34,166.79,11.56,26.85
1917-06-01,9.04,0.63,1.41,13.0,4.37,167.56,11.58,26.04
1917-07-01,8.79,0.64,1.38,12.8,4.4,165.48,11.97,26.05
1917-08-01,8.53,0.65,1.36,13.0,4.43,158.11,11.99,25.26
1917-09-01,8.12,0.66,1.34,13.3,4.46,147.12,11.91,24.33
1917-10-01,7.68,0.67,1.32,13.5,4.49,137.08,11.93,23.6
1917-11-01,7.04,0.68,1.3,13.5,4.51,125.66,12.12,23.22
1917-12-01,6.8,0.69,1.28,13.7,4.54,119.6,12.14,22.51
1918-01-01,7.21,0.68,1.26,14.0,4.57,124.1,11.7,21.62
1918-02-01,7.43,0.67,1.23,14.1,4.56,126.98,11.45,21.05
1918-03-01,7.28,0.66,1.21,14.0,4.56,125.3,11.36,20.79
1918-04-01,7.21,0.65,1.18,14.2,4.55,122.35,11.03,20.07
1918-05-01,7.44,0.64,1.16,14.5,4.55,123.64,10.64,19.26
1918-06-01,7.45,0.63,1.14,14.7,4.54,122.12,10.33,18.61
1918-07-01,7.51,0.62,1.11,15.1,4.54,119.85,9.89,17.73
1918-08-01,7.58,0.61,1.09,15.4,4.53,118.61,9.54,17.01
1918-09-01,7.54,0.6,1.06,15.7,4.52,115.73,9.21,16.32
1918-10-01,7.86,0.59,1.04,16.0,4.52,118.38,8.89,15.63
1918-11-01,8.06,0.58,1.01,16.3,4.51,119.15,8.57,14.99
1918-12-01,7.9,0.57,0.99,16.5,4.51,115.37,8.32,14.46
1919-01-01,7.85,0.57,0.98,16.5,4.5,114.64,8.28,14.39
1919-02-01,7.88,0.56,0.98,16.2,4.54,117.21,8.38,14.58
1919-03-01,8.12,0.56,0.97,16.4,4.58,119.31,8.23,14.33
1919-04-01,8.39,0.56,0.97,16.7,4.62,121.06,8.03,14.0
1919-05-01,8.97,0.55,0.96,16.9,4.66,127.9,7.89,13.76
1919-06-01,9.21,0.55,0.96,16.9,4.7,131.32,7.84,13.69
1919-07-01,9.51,0.55,0.95,17.4,4.73,131.7,7.57,13.23
1919-08-01,8.87,0.54,0.95,17.7,4.77,120.76,7.4,12.93
1919-09-01,9.01,0.54,0.94,17.8,4.81,121.97,7.31,12.79
1919-10-01,9.47,0.54,0.94,18.1,4.85,126.08,7.15,12.51
1919-11-01,9.19,0.53,0.94,18.5,4.89,119.7,6.95,12.18
1919-12-01,8.92,0.53,0.93,18.9,4.93,113.73,6.76,11.86
1920-01-01,8.83,0.53,0.92,19.3,4.97,110.25,6.6,11.48
1920-02-01,8.1,0.53,0.91,19.5,4.98,100.09,6.51,11.22
1920-03-01,8.67,0.53,0.9,19.7,4.99,106.05,6.42,10.98
1920-04-01,8.6,0.52,0.89,20.3,5.0,102.08,6.21,10.53
1920-05-01,8.06,0.52,0.88,20.6,5.01,94.28,6.1,10.24
1920-06-01,7.92,0.52,0.86,20.9,5.02,91.31,6.0,9.97
1920-07-01,7.91,0.52,0.85,20.8,5.03,91.64,6.0,9.9
1920-08-01,7.6,0.52,0.84,20.3,5.04,90.21,6.13,10.01
1920-09-01,7.87,0.52,0.83,20.0,5.05,94.82,6.2,10.03
1920-10-01,7.88,0.51,0.82,19.9,5.06,95.42,6.22,9.95
1920-11-01,7.48,0.51,0.81,19.8,5.07,91.03,6.23,9.87
1920-12-01,6.81,0.51,0.8,19.4,5.08,84.59,6.33,9.94
1921-01-01,7.11,0.51,0.76,19.0,5.09,90.17,6.41,9.61
1921-02-01,7.06,0.5,0.71,18.4,5.02,92.46,6.57,9.36
1921-03-01,6.88,0.5,0.67,18.3,4.96,90.59,6.55,8.86
1921-04-01,6.91,0.49,0.63,18.1,4.89,91.99,6.57,8.39
1921-05-01,7.12,0.49,0.59,17.7,4.83,96.93,6.66,8.0
1921-06-01,6.55,0.48,0.55,17.6,4.76,89.68,6.64,7.46
1921-07-01,6.53,0.48,0.5,17.7,4.7,88.9,6.55,6.84
1921-08-01,6.45,0.48,0.46,17.7,4.63,87.81,6.49,6.26
1921-09-01,6.61,0.47,0.42,17.5,4.56,91.02,6.51,5.75
1921-10-01,6.7,0.47,0.38,17.5,4.5,92.26,6.45,5.16
1921-11-01,7.06,0.46,0.33,17.4,4.43,97.77,6.43,4.6
1921-12-01,7.31,0.46,0.29,17.3,4.37,101.82,6.41,4.04
1922-01-01,7.3,0.46,0.32,16.9,4.3,104.09,6.62,4.61
1922-02-01,7.46,0.47,0.36,16.9,4.3,106.37,6.68,5.09
1922-03-01,7.74,0.47,0.39,16.7,4.31,111.68,6.82,5.63
1922-04-01,8.21,0.48,0.42,16.7,4.31,118.46,6.88,6.11
1922-05-01,8.53,0.48,0.46,16.7,4.32,123.08,6.94,6.59
1922-06-01,8.45,0.48,0.49,16.7,4.33,121.93,7.0,7.07
1922-07-01,8.51,0.49,0.52,16.8,4.33,122.06,7.02,7.51
1922-08-01,8.83,0.49,0.56,16.6,4.33,128.18,7.16,8.08
1922-09-01,9.06,0.5,0.59,16.6,4.34,131.52,7.22,8.56
1922-10-01,9.26,0.5,0.62,16.7,4.34,133.61,7.24,8.99
1922-11-01,8.8,0.51,0.66,16.8,4.35,126.22,7.25,9.42
1922-12-01,8.78,0.51,0.69,16.9,4.35,125.19,7.27,9.84
1923-01-01,8.9,0.51,0.71,16.8,4.36,127.66,7.34,10.24
1923-02-01,9.28,0.51,0.74,16.8,4.33,133.11,7.36,10.59
1923-03-01,9.43,0.52,0.76,16.8,4.31,135.26,7.39,10.94
1923-04-01,9.1,0.52,0.79,16.9,4.29,129.75,7.37,11.22
1923-05-01,8.67,0.52,0.81,16.9,4.26,123.62,7.39,11.56
1923-06-01,8.34,0.52,0.83,17.0,4.23,118.22,7.37,11.84
1923-07-01,8.06,0.52,0.86,17.2,4.21,112.92,7.31,12.04
1923-08-01,8.1,0.52,0.88,17.1,4.18,114.14,7.37,12.45
1923-09-01,8.15,0.53,0.91,17.2,4.16,114.18,7.36,12.71
1923-10-01,8.03,0.53,0.93,17.3,4.13,111.85,7.34,12.98
1923-11-01,8.27,0.53,0.96,17.3,4.11,115.19,7.36,13.31
1923-12-01,8.55,0.53,0.98,17.3,4.08,119.09,7.38,13.65
1924-01-01,8.83,0.53,0.98,17.3,4.06,122.99,7.41,13.59
1924-02-01,8.87,0.53,0.97,17.2,4.04,124.27,7.47,13.61
1924-03-01,8.7,0.54,0.97,17.1,4.03,122.6,7.54,13.63
1924-04-01,8.5,0.54,0.96,17.0,4.01,120.48,7.61,13.65
1924-05-01,8.47,0.54,0.96,17.0,3.99,120.06,7.63,13.6
1924-06-01,8.63,0.54,0.95,17.0,3.98,122.33,7.65,13.54
1924-07-01,9.03,0.54,0.95,17.1,3.96,127.25,7.63,13.4
1924-08-01,9.34,0.54,0.95,17.0,3.94,132.39,7.7,13.42
1924-09-01,9.25,0.55,0.94,17.1,3.93,130.35,7.68,13.28
1924-10-01,9.13,0.55,0.94,17.2,3.91,127.91,7.66,13.15
1924-11-01,9.64,0.55,0.93,17.2,3.89,135.05,7.68,13.09
1924-12-01,10.16,0.55,0.93,17.3,3.88,141.52,7.66,12.95
1925-01-01,10.58,0.55,0.96,17.3,3.86,147.37,7.72,13.33
1925-02-01,10.67,0.56,0.98,17.2,3.85,149.48,7.82,13.78
1925-03-01,10.39,0.56,1.01,17.3,3.83,144.72,7.83,14.07
1925-04-01,10.28,0.57,1.04,17.2,3.81,144.02,7.94,14.53
1925-05-01,10.61,0.57,1.06,17.3,3.8,147.78,7.95,14.81
1925-06-01,10.8,0.57,1.09,17.5,3.79,148.71,7.92,15.01
1925-07-01,11.1,0.58,1.12,17.7,3.77,151.12,7.89,15.21
1925-08-01,11.25,0.58,1.14,17.7,3.76,153.16,7.94,15.56
1925-09-01,11.51,0.59,1.17,17.7,3.74,156.7,8.0,15.93
1925-10-01,11.89,0.59,1.2,17.7,3.73,161.87,8.06,16.3
1925-11-01,12.26,0.6,1.22,18.0,3.71,164.13,7.98,16.37
1925-12-01,12.46,0.6,1.25,17.9,3.7,167.73,8.08,16.83
1926-01-01,12.65,0.61,1.25,17.9,3.68,170.29,8.18,16.81
1926-02-01,12.67,0.61,1.25,17.9,3.65,170.56,8.28,16.8
1926-03-01,11.81,0.62,1.25,17.8,3.62,159.88,8.43,16.89
1926-04-01,11.48,0.63,1.25,17.9,3.6,154.54,8.48,16.79
1926-05-01,11.56,0.64,1.25,17.8,3.57,156.49,8.63,16.87
1926-06-01,12.11,0.65,1.25,17.7,3.54,164.87,8.78,16.95
1926-07-01,12.62,0.65,1.24,17.5,3.51,173.77,8.98,17.13
1926-08-01,13.12,0.66,1.24,17.4,3.48,181.69,9.14,17.21
1926-09-01,13.32,0.67,1.24,17.5,3.45,183.41,9.19,17.1
1926-10-01,13.02,0.68,1.24,17.6,3.42,178.26,9.24,17.0
1926-11-01,13.19,0.68,1.24,17.7,3.4,179.57,9.29,16.89
1926-12-01,13.49,0.69,1.24,17.7,3.37,183.65,9.39,16.88
1927-01-01,13.4,0.7,1.23,17.5,3.34,184.51,9.59,16.92
1927-02-01,13.66,0.7,1.22,17.4,3.34,189.17,9.74,16.87
1927-03-01,13.87,0.71,1.21,17.3,3.34,193.19,9.89,16.83
1927-04-01,14.21,0.72,1.2,17.3,3.34,197.93,9.98,16.67
1927-05-01,14.7,0.72,1.19,17.4,3.34,203.58,10.02,16.42
1927-06-01,14.89,0.73,1.18,17.6,3.34,203.86,9.99,16.09
1927-07-01,15.22,0.74,1.16,17.3,3.33,212.0,10.26,16.21
1927-08-01,16.03,0.74,1.15,17.2,3.33,224.58,10.41,16.15
1927-09-01,16.94,0.75,1.14,17.3,3.33,235.95,10.45,15.92
1927-10-01,16.68,0.76,1.13,17.4,3.33,231.0,10.48,15.68
1927-11-01,17.06,0.76,1.12,17.3,3.33,237.62,10.63,15.61
1927-12-01,17.46,0.77,1.11,17.3,3.33,243.2,10.73,15.46
1928-01-01,17.53,0.78,1.13,17.3,3.33,244.17,10.82,15.78
1928-02-01,17.32,0.78,1.16,17.1,3.35,244.07,11.04,16.28
1928-03-01,18.25,0.79,1.18,17.1,3.38,257.17,11.13,16.59
1928-04-01,19.4,0.8,1.2,17.1,3.4,273.38,11.23,16.91
1928-05-01,20.0,0.8,1.22,17.2,3.42,280.19,11.25,17.12
1928-06-01,19.02,0.81,1.25,17.1,3.44,268.02,11.41,17.54
1928-07-01,19.16,0.82,1.27,17.1,3.46,270.0,11.51,17.87
1928-08-01,19.78,0.82,1.29,17.1,3.49,278.73,11.6,18.18
1928-09-01,21.17,0.83,1.31,17.3,3.51,294.87,11.56,18.27
1928-10-01,21.6,0.84,1.33,17.2,3.53,302.61,11.72,18.7
1928-11-01,23.06,0.84,1.36,17.2,3.56,323.06,11.81,19.01
1928-12-01,23.15,0.85,1.38,17.1,3.58,326.22,11.98,19.45
1929-01-01,24.86,0.86,1.4,17.1,3.6,350.32,12.12,19.71
1929-02-01,24.99,0.87,1.42,17.1,3.57,352.15,12.26,19.98
1929-03-01,25.43,0.88,1.44,17.0,3.55,360.46,12.47,20.38
1929-04-01,25.28,0.89,1.46,16.9,3.52,360.45,12.69,20.77
1929-05-01,25.66,0.9,1.48,17.0,3.5,363.72,12.76,20.92
1929-06-01,26.15,0.91,1.5,17.1,3.47,368.5,12.82,21.07
1929-07-01,28.48,0.92,1.51,17.3,3.45,396.69,12.81,21.09
1929-08-01,30.1,0.93,1.53,17.3,3.42,419.26,12.95,21.35
1929-09-01,31.3,0.94,1.55,17.3,3.39,435.97,13.09,21.62
1929-10-01,27.99,0.95,1.57,17.3,3.37,389.87,13.23,21.9
1929-11-01,20.58,0.96,1.59,17.3,3.34,286.65,13.37,22.16
1929-12-01,21.4,0.97,1.61,17.2,3.32,299.81,13.59,22.56
1930-01-01,21.71,0.97,1.56,17.1,3.29,305.93,13.68,21.94
1930-02-01,23.07,0.97,1.5,17.0,3.29,327.01,13.77,21.3
1930-03-01,23.94,0.97,1.45,16.9,3.3,341.35,13.87,20.67
1930-04-01,25.46,0.97,1.4,17.0,3.3,360.88,13.8,19.8
1930-05-01,23.94,0.97,1.34,16.9,3.31,341.35,13.89,19.15
1930-06-01,21.52,0.97,1.29,16.8,3.31,308.67,13.98,18.5
1930-07-01,21.06,0.98,1.24,16.6,3.32,305.71,14.16,17.96
1930-08-01,20.79,0.98,1.18,16.5,3.32,303.62,14.26,17.28
1930-09-01,20.78,0.98,1.13,16.6,3.32,301.64,14.19,16.4
1930-10-01,17.92,0.98,1.08,16.5,3.33,261.71,14.29,15.73
1930-11-01,16.62,0.98,1.02,16.4,3.33,244.2,14.39,15.03
1930-12-01,15.51,0.98,0.97,16.1,3.34,232.14,14.67,14.52
1931-01-01,15.98,0.97,0.94,15.9,3.34,242.18,14.65,14.25
1931-02-01,17.2,0.95,0.91,15.7,3.37,263.99,14.63,13.97
1931-03-01,17.53,0.94,0.88,15.6,3.4,270.78,14.52,13.59
1931-04-01,15.86,0.93,0.85,15.5,3.42,246.56,14.41,13.21
1931-05-01,14.33,0.91,0.82,15.3,3.45,225.69,14.38,12.91
1931-06-01,13.87,0.9,0.79,15.1,3.48,221.34,14.36,12.61
1931-07-01,14.33,0.89,0.76,15.1,3.51,228.68,14.15,12.13
1931-08-01,13.9,0.87,0.73,15.1,3.54,221.82,13.94,11.65
1931-09-01,11.83,0.86,0.7,15.0,3.57,190.04,13.82,11.25
1931-10-01,10.25,0.85,0.67,14.9,3.6,165.77,13.69,10.84
1931-11-01,10.39,0.83,0.64,14.7,3.62,170.32,13.66,10.49
1931-12-01,8.44,0.82,0.61,14.6,3.65,139.3,13.53,10.07
1932-01-01,8.3,0.79,0.59,14.3,3.68,139.86,13.37,10.0
1932-02-01,8.23,0.77,0.58,14.1,3.65,140.65,13.1,9.86
1932-03-01,8.26,0.74,0.56,14.0,3.62,142.17,12.74,9.64
1932-04-01,6.28,0.71,0.54,13.9,3.59,108.87,12.37,9.42
1932-05-01,5.51,0.69,0.53,13.7,3.56,96.91,12.08,9.26
1932-06-01,4.77,0.66,0.51,13.6,3.53,84.52,11.69,9.04
1932-07-01,5.01,0.63,0.49,13.6,3.5,88.77,11.22,8.74
1932-08-01,7.53,0.61,0.48,13.5,3.46,134.41,10.83,8.51
1932-09-01,8.26,0.58,0.46,13.4,3.43,148.54,10.43,8.27
1932-10-01,7.12,0.55,0.44,13.3,3.4,129.0,10.02,8.03
1932-11-01,7.05,0.53,0.43,13.2,3.37,128.7,9.61,7.79
1932-12-01,6.82,0.5,0.41,13.1,3.34,125.45,9.2,7.54
1933-01-01,7.09,0.49,0.41,12.9,3.31,132.44,9.25,7.71
1933-02-01,6.25,0.49,0.41,12.7,3.29,118.59,9.3,7.87
1933-03-01,6.23,0.48,0.42,12.6,3.28,119.14,9.28,7.98
1933-04-01,6.89,0.48,0.42,12.6,3.26,131.77,9.18,8.03
1933-05-01,8.87,0.47,0.42,12.6,3.25,169.63,9.08,8.08
1933-06-01,10.39,0.47,0.42,12.7,3.23,197.14,8.92,8.06
1933-07-01,11.23,0.47,0.43,13.1,3.21,206.57,8.55,7.86
1933-08-01,10.67,0.46,0.43,13.2,3.2,194.78,8.4,7.85
1933-09-01,10.58,0.46,0.43,13.2,3.18,193.14,8.31,7.9
1933-10-01,9.55,0.45,0.43,13.2,3.17,174.34,8.21,7.94
1933-11-01,9.78,0.45,0.44,13.2,3.15,178.53,8.12,7.99
1933-12-01,9.97,0.44,0.44,13.2,3.14,182.0,8.03,8.03
1934-01-01,10.54,0.44,0.44,13.2,3.12,192.41,8.05,8.11
1934-02-01,11.32,0.44,0.45,13.3,3.09,205.09,8.0,8.12
1934-03-01,10.74,0.44,0.45,13.3,3.06,194.59,8.02,8.2
1934-04-01,10.92,0.44,0.46,13.3,3.04,197.85,8.03,8.27
1934-05-01,9.81,0.44,0.46,13.3,3.01,177.74,8.05,8.35
1934-06-01,9.94,0.45,0.47,13.4,2.98,178.75,8.0,8.36
1934-07-01,9.47,0.45,0.47,13.4,2.96,170.3,8.02,8.44
1934-08-01,9.1,0.45,0.47,13.4,2.93,163.64,8.03,8.51
1934-09-01,8.88,0.45,0.48,13.6,2.9,157.34,7.93,8.46
1934-10-01,8.95,0.45,0.48,13.5,2.87,159.75,8.0,8.6
1934-11-01,9.2,0.45,0.49,13.5,2.84,164.21,8.02,8.67
1934-12-01,9.26,0.45,0.49,13.4,2.82,166.52,8.09,8.81
1935-01-01,9.26,0.45,0.57,13.6,2.79,164.07,7.97,10.1
1935-02-01,8.98,0.45,0.65,13.7,2.78,157.95,7.91,11.43
1935-03-01,8.41,0.45,0.73,13.7,2.77,147.92,7.91,12.84
1935-04-01,9.04,0.45,0.76,13.8,2.75,157.85,7.8,13.21
1935-05-01,9.75,0.44,0.78,13.8,2.74,170.25,7.74,13.68
1935-06-01,10.12,0.44,0.81,13.7,2.73,178.0,7.74,14.25
1935-07-01,10.65,0.44,0.79,13.7,2.72,187.32,7.74,13.95
1935-08-01,11.37,0.44,0.78,13.7,2.71,199.99,7.74,13.66
1935-09-01,11.61,0.44,0.76,13.7,2.7,204.21,7.74,13.37
1935-10-01,11.92,0.45,0.76,13.7,2.69,209.66,7.91,13.37
1935-11-01,13.04,0.46,0.76,13.8,2.67,227.7,8.03,13.27
1935-12-01,13.04,0.47,0.76,13.8,2.66,227.7,8.21,13.27
1936-01-01,13.76,0.48,0.77,13.8,2.65,240.27,8.38,13.45
1936-02-01,14.55,0.49,0.78,13.8,2.65,254.06,8.56,13.62
1936-03-01,14.86,0.5,0.79,13.7,2.66,261.37,8.79,13.9
1936-04-01,14.88,0.52,0.82,13.7,2.66,261.72,9.09,14.42
1936-05-01,14.09,0.53,0.85,13.7,2.66,247.83,9.38,14.95
1936-06-01,14.69,0.55,0.88,13.8,2.66,256.51,9.6,15.37
1936-07-01,15.56,0.57,0.9,13.9,2.67,269.74,9.88,15.6
1936-08-01,15.87,0.59,0.92,14.0,2.67,273.15,10.16,15.83
1936-09-01,16.05,0.61,0.94,14.0,2.67,276.25,10.5,16.18
1936-10-01,16.89,0.65,0.97,14.0,2.67,290.71,11.13,16.64
1936-11-01,17.36,0.68,0.99,14.0,2.67,298.8,11.76,17.1
1936-12-01,17.06,0.72,1.02,14.0,2.68,293.64,12.39,17.56
1937-01-01,17.59,0.73,1.05,14.1,2.68,300.61,12.48,17.94
1937-02-01,18.11,0.74,1.08,14.1,2.67,309.5,12.65,18.46
1937-03-01,18.09,0.75,1.11,14.2,2.66,306.98,12.73,18.84
1937-04-01,17.01,0.78,1.13,14.3,2.65,286.63,13.14,19.04
1937-05-01,16.25,0.81,1.15,14.4,2.64,271.92,13.55,19.24
1937-06-01,15.64,0.84,1.17,14.4,2.63,261.72,14.06,19.58
1937-07-01,16.57,0.82,1.19,14.5,2.62,275.37,13.57,19.72
1937-08-01,16.74,0.79,1.2,14.5,2.61,278.19,13.18,20.0
1937-09-01,14.37,0.77,1.22,14.6,2.6,237.17,12.71,20.14
1937-10-01,12.28,0.78,1.19,14.6,2.59,202.68,12.87,19.64
1937-11-01,11.2,0.79,1.16,14.5,2.58,186.13,13.13,19.28
1937-12-01,11.02,0.8,1.13,14.4,2.57,184.41,13.39,18.91
1938-01-01,11.31,0.79,1.08,14.2,2.56,191.93,13.46,18.27
1938-02-01,11.04,0.79,1.02,14.1,2.54,188.67,13.44,17.49
1938-03-01,10.31,0.78,0.97,14.1,2.53,176.2,13.33,16.58
1938-04-01,9.89,0.77,0.9,14.2,2.51,167.83,13.01,15.33
1938-05-01,9.98,0.75,0.84,14.1,2.49,170.56,12.87,14.3
1938-06-01,10.21,0.74,0.77,14.1,2.48,174.49,12.65,13.16
1938-07-01,12.24,0.71,0.72,14.1,2.46,209.18,12.19,12.3
1938-08-01,12.31,0.69,0.67,14.1,2.44,210.38,11.74,11.45
1938-09-01,11.75,0.66,0.62,14.1,2.43,200.81,11.28,10.6
1938-10-01,13.06,0.61,0.63,14.0,2.41,224.79,10.5,10.79
1938-11-01,13.07,0.56,0.63,14.0,2.39,224.96,9.64,10.9
1938-12-01,12.69,0.51,0.64,14.0,2.38,218.42,8.78,11.02
1939-01-01,12.5,0.51,0.66,14.0,2.36,215.15,8.84,11.42
1939-02-01,12.4,0.52,0.69,13.9,2.35,214.96,8.96,11.9
1939-03-01,12.39,0.52,0.71,13.9,2.33,214.79,9.01,12.31
1939-04-01,10.83,0.52,0.73,13.8,2.32,189.11,9.14,12.69
1939-05-01,11.23,0.53,0.74,13.8,2.31,196.09,9.2,12.98
1939-06-01,11.43,0.53,0.76,13.8,2.3,199.58,9.25,13.27
1939-07-01,11.71,0.54,0.78,13.8,2.29,204.47,9.43,13.56
1939-08-01,11.54,0.55,0.79,13.8,2.27,201.5,9.6,13.85
1939-09-01,12.77,0.56,0.81,14.1,2.26,218.24,9.57,13.84
1939-10-01,12.9,0.58,0.84,14.0,2.25,222.03,9.98,14.46
1939-11-01,12.67,0.6,0.87,14.0,2.24,218.08,10.33,14.97
1939-12-01,12.37,0.62,0.9,14.0,2.22,212.91,10.67,15.49
1940-01-01,12.3,0.62,0.93,13.9,2.21,213.23,10.81,16.12
1940-02-01,12.22,0.63,0.96,14.0,2.19,210.33,10.79,16.52
1940-03-01,12.15,0.63,0.99,14.0,2.17,209.13,10.84,17.04
1940-04-01,12.27,0.64,1.01,14.0,2.15,211.19,10.96,17.33
1940-05-01,10.58,0.64,1.02,14.0,2.12,182.1,11.07,17.61
1940-06-01,9.67,0.65,1.04,14.1,2.1,165.26,11.11,17.77
1940-07-01,9.99,0.66,1.05,14.0,2.08,171.95,11.3,18.13
1940-08-01,10.2,0.66,1.07,14.0,2.06,175.56,11.42,18.36
1940-09-01,10.63,0.67,1.08,14.0,2.04,182.96,11.53,18.59
1940-10-01,10.73,0.67,1.07,14.0,2.02,184.68,11.53,18.42
1940-11-01,10.98,0.67,1.06,14.0,1.99,188.99,11.53,18.24
1940-12-01,10.53,0.67,1.05,14.1,1.97,179.96,11.45,17.94
1941-01-01,10.55,0.67,1.05,14.1,1.95,180.3,11.51,18.0
1941-02-01,9.89,0.68,1.06,14.1,1.99,169.02,11.56,18.06
1941-03-01,9.95,0.68,1.06,14.2,2.04,168.85,11.54,17.99
1941-04-01,9.64,0.68,1.07,14.3,2.08,162.44,11.51,18.03
1941-05-01,9.43,0.69,1.08,14.4,2.12,157.8,11.49,18.07
1941-06-01,9.76,0.69,1.09,14.7,2.16,159.99,11.31,17.87
1941-07-01,10.26,0.69,1.12,14.7,2.21,168.19,11.37,18.41
1941-08-01,10.21,0.7,1.16,14.9,2.25,165.12,11.27,18.71
1941-09-01,10.24,0.7,1.19,15.1,2.29,163.41,11.17,18.99
1941-10-01,9.83,0.7,1.18,15.3,2.33,154.82,11.08,18.58
1941-11-01,9.37,0.71,1.17,15.4,2.38,146.61,11.06,18.31
1941-12-01,8.76,0.71,1.16,15.5,2.42,136.19,11.04,18.03
1942-01-01,8.93,0.7,1.12,15.7,2.46,137.06,10.79,17.19
1942-02-01,8.65,0.7,1.08,15.8,2.46,131.92,10.62,16.47
1942-03-01,8.18,0.69,1.04,16.0,2.46,123.19,10.39,15.66
1942-04-01,7.84,0.68,1.02,16.1,2.46,117.34,10.18,15.27
1942-05-01,7.93,0.67,1.0,16.3,2.46,117.23,9.9,14.78
1942-06-01,8.33,0.66,0.98,16.3,2.46,123.14,9.76,14.49
1942-07-01,8.64,0.65,0.97,16.4,2.46,126.95,9.5,14.2
1942-08-01,8.59,0.63,0.95,16.5,2.47,125.45,9.25,13.92
1942-09-01,8.68,0.62,0.94,16.5,2.47,126.76,9.05,13.73
1942-10-01,9.32,0.61,0.97,16.7,2.47,134.48,8.8,14.0
1942-11-01,9.47,0.6,1.0,16.8,2.47,135.83,8.61,14.34
1942-12-01,9.52,0.59,1.03,16.9,2.47,135.74,8.41,14.69
1943-01-01,10.09,0.59,1.04,16.9,2.47,143.87,8.41,14.88
1943-02-01,10.69,0.59,1.06,16.9,2.47,152.42,8.41,15.07
1943-03-01,11.07,0.59,1.07,17.2,2.47,155.09,8.27,14.99
1943-04-01,11.44,0.59,1.08,17.4,2.47,158.43,8.17,14.96
1943-05-01,11.89,0.59,1.09,17.5,2.47,163.72,8.12,15.01
1943-06-01,12.1,0.59,1.1,17.5,2.47,166.61,8.12,15.15
1943-07-01,12.35,0.59,1.09,17.4,2.48,171.03,8.22,15.14
1943-08-01,11.74,0.6,1.09,17.3,2.48,163.52,8.31,15.14
1943-09-01,11.99,0.6,1.08,17.4,2.48,166.05,8.31,14.96
1943-10-01,11.88,0.6,1.03,17.4,2.48,164.52,8.36,14.31
1943-11-01,11.33,0.61,0.99,17.4,2.48,156.91,8.4,13.66
1943-12-01,11.48,0.61,0.94,17.4,2.48,158.98,8.45,13.02
1944-01-01,11.85,0.61,0.94,17.4,2.48,164.11,8.49,12.97
1944-02-01,11.77,0.62,0.93,17.4,2.47,163.0,8.54,12.93
1944-03-01,12.1,0.62,0.93,17.4,2.46,167.57,8.59,12.88
1944-04-01,11.89,0.62,0.93,17.5,2.45,163.72,8.58,12.76
1944-05-01,12.1,0.63,0.92,17.5,2.44,166.61,8.63,12.71
1944-06-01,12.67,0.63,0.92,17.6,2.43,173.47,8.63,12.6
1944-07-01,13.0,0.63,0.91,17.7,2.42,176.98,8.62,12.43
1944-08-01,12.81,0.64,0.91,17.7,2.42,174.39,8.67,12.34
1944-09-01,12.6,0.64,0.9,17.7,2.41,171.54,8.71,12.25
1944-10-01,12.91,0.64,0.91,17.7,2.4,175.76,8.71,12.39
1944-11-01,12.82,0.64,0.92,17.7,2.39,174.53,8.71,12.52
1944-12-01,13.1,0.64,0.93,17.8,2.38,177.34,8.66,12.59
1945-01-01,13.49,0.64,0.94,17.8,2.37,182.62,8.71,12.73
1945-02-01,13.94,0.65,0.95,17.8,2.35,188.71,8.75,12.86
1945-03-01,13.93,0.65,0.96,17.8,2.34,188.58,8.8,13.0
1945-04-01,14.28,0.65,0.97,17.8,2.33,193.32,8.8,13.18
1945-05-01,14.82,0.65,0.99,17.9,2.31,199.5,8.75,13.28
1945-06-01,15.09,0.65,1.0,18.1,2.29,200.89,8.65,13.31
1945-07-01,14.78,0.65,1.0,18.1,2.28,196.77,8.7,13.27
1945-08-01,14.83,0.66,0.99,18.1,2.27,197.43,8.74,13.22
1945-09-01,15.84,0.66,0.99,18.1,2.25,210.88,8.79,13.18
1945-10-01,16.5,0.66,0.98,18.1,2.24,219.67,8.79,13.05
1945-11-01,17.04,0.66,0.97,18.1,2.22,226.86,8.79,12.91
1945-12-01,17.33,0.66,0.96,18.2,2.21,229.45,8.74,12.71
1946-01-01,18.02,0.67,0.94,18.2,2.19,238.58,8.83,12.45
1946-02-01,18.07,0.67,0.92,18.1,2.19,240.57,8.96,12.25
1946-03-01,17.53,0.68,0.9,18.3,2.2,230.83,8.95,11.85
1946-04-01,18.66,0.68,0.88,18.4,2.21,244.37,8.91,11.52
1946-05-01,18.7,0.68,0.86,18.5,2.21,243.57,8.86,11.2
1946-06-01,18.58,0.68,0.84,18.7,2.21,239.42,8.76,10.82
1946-07-01,18.05,0.68,0.86,19.8,2.22,219.67,8.32,10.43
1946-08-01,17.7,0.69,0.87,20.2,2.23,211.14,8.19,10.42
1946-09-01,15.09,0.69,0.89,20.4,2.23,178.24,8.15,10.51
1946-10-01,14.75,0.7,0.95,20.8,2.23,170.88,8.07,10.97
1946-11-01,14.69,0.7,1.0,21.3,2.24,166.19,7.96,11.35
1946-12-01,15.13,0.71,1.06,21.5,2.25,169.57,7.96,11.88
1947-01-01,15.21,0.71,1.13,21.5,2.25,170.47,7.99,12.66
1947-02-01,15.8,0.72,1.2,21.5,2.27,177.08,8.03,13.45
1947-03-01,15.16,0.72,1.27,21.9,2.28,166.81,7.92,13.97
1947-04-01,14.6,0.73,1.33,21.9,2.3,160.64,8.07,14.6
1947-05-01,14.34,0.75,1.38,21.9,2.31,157.78,8.22,15.22
1947-06-01,14.84,0.76,1.44,22.0,2.33,162.54,8.32,15.77
1947-07-01,15.77,0.77,1.48,22.2,2.34,171.17,8.36,16.03
1947-08-01,15.46,0.78,1.51,22.5,2.36,165.57,8.35,16.21
1947-09-01,15.06,0.79,1.55,23.0,2.38,157.78,8.28,16.24
1947-10-01,15.45,0.81,1.57,23.0,2.39,161.87,8.45,16.45
1947-11-01,15.27,0.82,1.59,23.1,2.41,159.29,8.59,16.59
1947-12-01,15.03,0.84,1.61,23.4,2.42,154.78,8.65,16.58
1948-01-01,14.83,0.84,1.64,23.7,2.44,150.78,8.57,16.71
1948-02-01,14.1,0.85,1.68,23.5,2.43,144.58,8.68,17.19
1948-03-01,14.3,0.85,1.71,23.4,2.42,147.26,8.75,17.61
1948-04-01,15.4,0.85,1.76,23.8,2.41,155.92,8.61,17.82
1948-05-01,16.15,0.85,1.81,23.9,2.4,162.83,8.57,18.25
1948-06-01,16.82,0.85,1.86,24.1,2.39,168.18,8.5,18.6
1948-07-01,16.42,0.86,1.93,24.4,2.38,162.16,8.46,19.06
1948-08-01,15.94,0.86,2.0,24.5,2.36,156.78,8.49,19.67
1948-09-01,15.76,0.87,2.07,24.5,2.35,155.01,8.56,20.36
1948-10-01,16.19,0.89,2.14,24.4,2.34,159.89,8.79,21.17
1948-11-01,15.29,0.91,2.22,24.2,2.33,152.25,9.06,22.07
1948-12-01,15.19,0.93,2.29,24.1,2.32,151.88,9.3,22.9
1949-01-01,15.36,0.95,2.32,24.0,2.31,154.22,9.5,23.29
1949-02-01,14.77,0.96,2.35,23.8,2.31,149.54,9.75,23.79
1949-03-01,14.91,0.98,2.38,23.8,2.31,150.96,9.92,24.1
1949-04-01,14.89,0.99,2.39,23.9,2.31,150.13,10.02,24.06
1949-05-01,14.78,1.01,2.39,23.8,2.31,149.64,10.19,24.23
1949-06-01,13.97,1.02,2.4,23.9,2.31,140.85,10.28,24.2
1949-07-01,14.76,1.03,2.4,23.7,2.31,150.07,10.44,24.37
1949-08-01,15.29,1.03,2.39,23.8,2.32,154.81,10.46,24.23
1949-09-01,15.49,1.04,2.39,23.9,2.32,156.18,10.49,24.1
1949-10-01,15.89,1.07,2.37,23.7,2.32,161.56,10.91,24.06
1949-11-01,16.11,1.11,2.34,23.8,2.32,163.11,11.2,23.73
1949-12-01,16.54,1.14,2.32,23.6,2.32,168.88,11.64,23.69
1950-01-01,16.88,1.15,2.34,23.5,2.32,173.09,11.79,23.96
1950-02-01,17.21,1.16,2.35,23.5,2.34,176.47,11.89,24.13
1950-03-01,17.35,1.17,2.37,23.6,2.36,177.15,11.95,24.2
1950-04-01,17.84,1.18,2.43,23.6,2.38,182.15,12.05,24.78
1950-05-01,18.44,1.19,2.48,23.7,2.4,187.49,12.1,25.25
1950-06-01,18.74,1.2,2.54,23.8,2.42,189.74,12.15,25.72
1950-07-01,17.38,1.24,2.6,24.1,2.44,173.78,12.43,26.0
1950-08-01,18.43,1.29,2.66,24.3,2.47,182.76,12.76,26.38
1950-09-01,19.08,1.33,2.72,24.4,2.49,188.43,13.13,26.86
1950-10-01,19.87,1.38,2.76,24.6,2.51,194.63,13.49,27.04
1950-11-01,19.83,1.42,2.8,24.7,2.53,193.46,13.89,27.32
1950-12-01,19.75,1.47,2.84,25.0,2.55,190.36,14.17,27.37
1951-01-01,21.21,1.49,2.84,25.4,2.57,201.22,14.1,26.91
1951-02-01,22.0,1.5,2.83,25.7,2.58,206.28,14.1,26.57
1951-03-01,21.63,1.52,2.83,25.8,2.59,202.02,14.2,26.43
1951-04-01,21.92,1.53,2.79,25.8,2.6,204.73,14.32,26.09
1951-05-01,21.93,1.55,2.76,25.9,2.61,204.03,14.39,25.65
1951-06-01,21.55,1.56,2.72,25.9,2.62,200.5,14.51,25.31
1951-07-01,21.93,1.55,2.65,25.9,2.63,204.03,14.39,24.65
1951-08-01,22.89,1.53,2.58,25.9,2.63,212.96,14.27,24.0
1951-09-01,23.48,1.52,2.51,26.1,2.64,216.78,14.03,23.17
1951-10-01,23.36,1.48,2.49,26.2,2.65,214.85,13.64,22.87
1951-11-01,22.71,1.45,2.46,26.4,2.66,207.29,13.2,22.48
1951-12-01,23.41,1.41,2.44,26.5,2.67,212.87,12.82,22.19
1952-01-01,24.19,1.41,2.43,26.5,2.68,219.96,12.85,22.07
1952-02-01,23.75,1.42,2.41,26.3,2.69,217.6,12.98,22.11
1952-03-01,23.81,1.42,2.4,26.3,2.71,218.15,13.01,21.99
1952-04-01,23.74,1.43,2.38,26.4,2.72,216.69,13.05,21.72
1952-05-01,23.73,1.44,2.36,26.4,2.73,216.6,13.14,21.54
1952-06-01,24.38,1.45,2.34,26.5,2.74,221.69,13.19,21.28
1952-07-01,25.08,1.45,2.35,26.7,2.75,226.35,13.09,21.18
1952-08-01,25.18,1.45,2.35,26.7,2.77,227.25,13.09,21.24
1952-09-01,24.78,1.45,2.36,26.7,2.78,223.64,13.09,21.3
1952-10-01,24.26,1.44,2.37,26.7,2.79,218.95,12.97,21.42
1952-11-01,25.03,1.42,2.39,26.7,2.81,225.9,12.85,21.54
1952-12-01,26.04,1.41,2.4,26.7,2.82,235.01,12.73,21.66
1953-01-01,26.18,1.41,2.41,26.6,2.83,237.16,12.77,21.83
1953-02-01,25.86,1.41,2.42,26.5,2.8,235.15,12.82,22.01
1953-03-01,25.99,1.41,2.43,26.6,2.77,235.44,12.77,22.01
1953-04-01,24.71,1.41,2.46,26.6,2.83,223.85,12.8,22.25
1953-05-01,24.84,1.42,2.48,26.7,3.05,224.18,12.79,22.41
1953-06-01,23.95,1.42,2.51,26.8,3.11,215.34,12.77,22.57
1953-07-01,24.29,1.42,2.52,26.8,2.93,218.4,12.77,22.69
1953-08-01,24.39,1.42,2.54,26.9,2.95,218.48,12.72,22.72
1953-09-01,23.27,1.42,2.55,26.9,2.87,208.45,12.72,22.84
1953-10-01,23.97,1.43,2.54,27.0,2.66,213.93,12.76,22.64
1953-11-01,24.5,1.44,2.52,26.9,2.68,219.47,12.9,22.6
1953-12-01,24.83,1.45,2.51,26.9,2.59,222.42,12.99,22.48
1954-01-01,25.46,1.46,2.52,26.9,2.48,228.07,13.05,22.6
1954-02-01,26.02,1.46,2.54,26.9,2.47,233.08,13.11,22.72
1954-03-01,26.57,1.47,2.55,26.9,2.37,238.01,13.17,22.84
1954-04-01,27.63,1.46,2.57,26.8,2.29,248.43,13.16,23.14
1954-05-01,28.73,1.46,2.6,26.9,2.37,257.36,13.05,23.26
1954-06-01,28.96,1.45,2.62,26.9,2.38,259.42,12.99,23.47
1954-07-01,30.13,1.46,2.62,26.9,2.3,269.9,13.05,23.5
1954-08-01,30.73,1.46,2.63,26.9,2.36,275.28,13.11,23.53
1954-09-01,31.45,1.47,2.63,26.8,2.38,282.78,13.22,23.65
1954-10-01,32.18,1.49,2.68,26.8,2.43,289.34,13.43,24.07
1954-11-01,33.44,1.52,2.72,26.8,2.48,300.67,13.64,24.49
1954-12-01,34.97,1.54,2.77,26.7,2.51,315.6,13.9,25.0
1955-01-01,35.6,1.55,2.83,26.7,2.61,321.29,13.96,25.57
1955-02-01,36.79,1.55,2.9,26.7,2.65,332.03,14.02,26.14
1955-03-01,36.5,1.56,2.96,26.7,2.68,329.41,14.08,26.71
1955-04-01,37.76,1.56,3.05,26.7,2.75,340.78,14.11,27.5
1955-05-01,37.6,1.57,3.13,26.7,2.76,339.34,14.14,28.28
1955-06-01,39.78,1.57,3.22,26.7,2.78,359.01,14.17,29.06
1955-07-01,42.69,1.59,3.29,26.8,2.9,383.84,14.27,29.61
1955-08-01,42.43,1.6,3.37,26.8,2.97,381.5,14.42,30.27
1955-09-01,44.34,1.62,3.44,26.9,2.97,397.19,14.51,30.82
1955-10-01,42.11,1.63,3.5,26.9,2.88,377.22,14.57,31.35
1955-11-01,44.95,1.63,3.56,26.9,2.89,402.66,14.63,31.89
1955-12-01,45.37,1.64,3.62,26.8,2.96,407.94,14.75,32.55
1956-01-01,44.15,1.67,3.64,26.8,2.9,396.97,15.02,32.76
1956-02-01,44.43,1.7,3.67,26.8,2.84,399.48,15.29,32.97
1956-03-01,47.49,1.73,3.69,26.8,2.96,427.0,15.55,33.18
1956-04-01,48.05,1.75,3.66,26.9,3.18,430.43,15.71,32.79
1956-05-01,46.54,1.78,3.63,27.0,3.07,415.36,15.86,32.4
1956-06-01,46.27,1.8,3.6,27.2,3.0,409.91,15.95,31.89
1956-07-01,48.78,1.81,3.55,27.4,3.11,428.99,15.95,31.25
1956-08-01,48.49,1.83,3.51,27.3,3.33,428.0,16.12,30.95
1956-09-01,46.84,1.84,3.46,27.4,3.38,411.93,16.18,30.43
1956-10-01,46.24,1.81,3.44,27.5,3.34,405.18,15.83,30.17
1956-11-01,45.76,1.77,3.43,27.5,3.49,400.97,15.54,30.03
1956-12-01,46.44,1.74,3.41,27.6,3.59,405.45,15.19,29.77
1957-01-01,45.43,1.74,3.41,27.6,3.46,396.64,15.16,29.74
1957-02-01,43.47,1.73,3.4,27.7,3.34,378.15,15.08,29.61
1957-03-01,44.03,1.73,3.4,27.8,3.41,381.65,15.0,29.47
1957-04-01,45.05,1.73,3.41,27.9,3.48,389.09,14.94,29.42
1957-05-01,46.78,1.73,3.41,28.0,3.6,402.59,14.89,29.38
1957-06-01,47.55,1.73,3.42,28.1,3.8,407.76,14.84,29.33
1957-07-01,48.51,1.74,3.44,28.3,3.93,413.05,14.82,29.26
1957-08-01,45.84,1.75,3.45,28.3,3.93,390.32,14.9,29.4
1957-09-01,43.98,1.76,3.47,28.3,3.92,374.48,14.99,29.55
1957-10-01,41.24,1.77,3.44,28.3,3.97,351.15,15.07,29.26
1957-11-01,40.35,1.78,3.4,28.4,3.72,342.36,15.1,28.88
1957-12-01,40.33,1.79,3.37,28.4,3.21,342.19,15.19,28.59
1958-01-01,41.12,1.78,3.29,28.6,3.09,346.45,15.03,27.75
1958-02-01,41.26,1.78,3.22,28.6,3.05,347.63,14.97,27.1
1958-03-01,42.11,1.77,3.14,28.8,2.98,352.33,14.81,26.27
1958-04-01,42.34,1.76,3.07,28.9,2.88,353.03,14.65,25.6
1958-05-01,43.7,1.74,3.0,28.9,2.92,364.37,14.54,25.01
1958-06-01,44.75,1.73,2.93,28.9,2.97,373.12,14.42,24.43
1958-07-01,45.98,1.73,2.91,29.0,3.2,382.06,14.37,24.21
1958-08-01,47.7,1.73,2.9,28.9,3.54,397.72,14.42,24.15
1958-09-01,48.96,1.73,2.88,28.9,3.76,408.23,14.42,24.01
1958-10-01,50.95,1.74,2.88,28.9,3.8,424.82,14.48,24.04
1958-11-01,52.5,1.74,2.89,29.0,3.74,436.23,14.49,23.99
1958-12-01,53.49,1.75,2.89,28.9,3.86,446.0,14.59,24.1
1959-01-01,55.62,1.76,2.96,29.0,4.02,462.16,14.6,24.62
1959-02-01,54.77,1.76,3.04,28.9,3.96,456.67,14.7,25.32
1959-03-01,56.16,1.77,3.11,28.9,3.99,468.26,14.76,25.93
1959-04-01,57.1,1.78,3.21,29.0,4.12,474.46,14.76,26.64
1959-05-01,57.96,1.78,3.3,29.0,4.31,481.6,14.82,27.45
1959-06-01,57.46,1.79,3.4,29.1,4.34,475.81,14.82,28.15
1959-07-01,59.74,1.8,3.41,29.2,4.4,492.99,14.83,28.14
1959-08-01,59.4,1.8,3.42,29.2,4.43,490.19,14.88,28.22
1959-09-01,57.05,1.81,3.43,29.3,4.68,469.19,14.89,28.21
1959-10-01,57.0,1.82,3.42,29.4,4.53,467.18,14.89,28.0
1959-11-01,57.23,1.82,3.4,29.4,4.53,469.07,14.94,27.89
1959-12-01,59.06,1.83,3.39,29.4,4.69,484.07,15.0,27.78
1960-01-01,58.03,1.87,3.39,29.3,4.72,477.25,15.35,27.88
1960-02-01,55.78,1.9,3.39,29.4,4.49,457.18,15.6,27.78
1960-03-01,55.02,1.94,3.39,29.4,4.25,450.95,15.9,27.78
1960-04-01,55.73,1.94,3.35,29.5,4.28,455.22,15.87,27.34
1960-05-01,55.22,1.95,3.3,29.5,4.35,451.06,15.9,26.98
1960-06-01,57.26,1.95,3.26,29.6,4.15,466.14,15.87,26.54
1960-07-01,55.84,1.95,3.26,29.6,3.9,454.58,15.87,26.57
1960-08-01,56.51,1.95,3.27,29.6,3.8,460.04,15.87,26.59
1960-09-01,54.81,1.95,3.27,29.6,3.8,446.2,15.87,26.62
1960-10-01,53.73,1.95,3.27,29.8,3.89,434.47,15.77,26.44
1960-11-01,55.47,1.95,3.27,29.8,3.93,448.54,15.77,26.44
1960-12-01,56.8,1.95,3.27,29.8,3.84,459.29,15.77,26.44
1961-01-01,59.72,1.95,3.21,29.8,3.84,482.9,15.74,25.96
1961-02-01,62.17,1.94,3.15,29.8,3.78,502.72,15.71,25.47
1961-03-01,64.12,1.94,3.09,29.8,3.74,518.48,15.69,24.99
1961-04-01,65.83,1.94,3.07,29.8,3.78,532.31,15.69,24.82
1961-05-01,66.5,1.94,3.05,29.8,3.71,537.73,15.69,24.66
1961-06-01,65.62,1.94,3.03,29.8,3.88,530.61,15.69,24.5
1961-07-01,65.44,1.95,3.04,30.0,3.92,525.63,15.64,24.39
1961-08-01,67.79,1.95,3.04,29.9,4.04,546.33,15.74,24.53
1961-09-01,67.26,1.96,3.05,30.0,3.98,540.25,15.74,24.5
1961-10-01,68.0,1.98,3.1,30.0,3.92,546.19,15.9,24.87
1961-11-01,71.08,2.0,3.14,30.0,3.94,570.93,16.06,25.25
1961-12-01,71.74,2.02,3.19,30.0,4.06,576.23,16.23,25.62
1962-01-01,69.07,2.03,3.25,30.0,4.08,554.79,16.28,26.1
1962-02-01,70.22,2.03,3.31,30.1,4.04,562.15,16.28,26.5
1962-03-01,70.29,2.04,3.37,30.1,3.93,562.71,16.33,26.98
1962-04-01,68.05,2.05,3.4,30.2,3.84,542.97,16.33,27.16
1962-05-01,62.99,2.05,3.44,30.2,3.87,502.6,16.38,27.42
1962-06-01,55.63,2.06,3.47,30.2,3.91,443.87,16.44,27.69
1962-07-01,56.97,2.07,3.49,30.3,4.01,453.07,16.44,27.75
1962-08-01,58.52,2.07,3.51,30.3,3.98,465.39,16.49,27.91
1962-09-01,58.0,2.08,3.53,30.4,3.98,459.74,16.49,27.98
1962-10-01,56.17,2.1,3.58,30.4,3.93,445.23,16.62,28.35
1962-11-01,60.04,2.11,3.62,30.4,3.92,475.91,16.75,28.72
1962-12-01,62.64,2.13,3.67,30.4,3.86,496.52,16.88,29.09
1963-01-01,65.06,2.14,3.68,30.4,3.83,515.7,16.94,29.2
1963-02-01,65.92,2.14,3.7,30.4,3.92,522.52,16.99,29.3
1963-03-01,65.67,2.15,3.71,30.5,3.93,518.83,16.99,29.31
1963-04-01,68.76,2.17,3.75,30.5,3.97,543.24,17.12,29.65
1963-05-01,70.14,2.18,3.8,30.5,3.93,554.15,17.25,30.0
1963-06-01,70.11,2.2,3.84,30.6,3.99,552.1,17.32,30.24
1963-07-01,69.07,2.2,3.88,30.7,4.02,542.14,17.29,30.45
1963-08-01,70.98,2.21,3.92,30.7,4.0,557.13,17.32,30.77
1963-09-01,72.85,2.21,3.96,30.7,4.08,571.81,17.35,31.08
1963-10-01,73.03,2.23,3.98,30.8,4.11,571.36,17.47,31.14
1963-11-01,72.62,2.26,4.0,30.8,4.12,568.15,17.66,31.29
1963-12-01,74.17,2.28,4.02,30.9,4.13,578.4,17.78,31.35
1964-01-01,76.45,2.3,4.07,30.9,4.17,596.18,17.91,31.77
1964-02-01,77.39,2.31,4.13,30.9,4.15,603.51,18.04,32.18
1964-03-01,78.8,2.33,4.18,30.9,4.22,614.51,18.17,32.6
1964-04-01,79.94,2.35,4.23,30.9,4.23,623.4,18.3,32.99
1964-05-01,80.72,2.36,4.28,30.9,4.2,629.48,18.43,33.38
1964-06-01,80.24,2.38,4.33,31.0,4.17,623.72,18.5,33.66
1964-07-01,83.22,2.4,4.38,31.1,4.19,644.8,18.6,33.91
1964-08-01,82.0,2.42,4.42,31.0,4.19,637.4,18.81,34.38
1964-09-01,83.41,2.44,4.47,31.1,4.2,646.27,18.91,34.63
1964-10-01,84.85,2.46,4.5,31.1,4.19,657.43,19.06,34.84
1964-11-01,85.44,2.48,4.52,31.2,4.15,659.88,19.15,34.94
1964-12-01,83.96,2.5,4.55,31.2,4.18,648.45,19.31,35.14
1965-01-01,86.12,2.52,4.59,31.2,4.19,665.13,19.44,35.48
1965-02-01,86.75,2.53,4.64,31.2,4.21,670.0,19.57,35.81
1965-03-01,86.83,2.55,4.68,31.3,4.21,668.47,19.63,36.03
1965-04-01,87.97,2.57,4.73,31.4,4.2,675.09,19.72,36.32
1965-05-01,89.28,2.59,4.79,31.4,4.21,685.15,19.88,36.73
1965-06-01,85.04,2.61,4.84,31.6,4.21,648.48,19.9,36.91
1965-07-01,84.91,2.63,4.89,31.6,4.2,647.49,20.03,37.26
1965-08-01,86.49,2.64,4.93,31.6,4.25,659.53,20.16,37.62
1965-09-01,89.38,2.66,4.98,31.6,4.29,681.57,20.28,37.98
1965-10-01,91.39,2.68,5.05,31.7,4.35,694.7,20.37,38.39
1965-11-01,92.15,2.7,5.12,31.7,4.45,700.48,20.52,38.92
1965-12-01,91.73,2.72,5.19,31.8,4.62,695.09,20.61,39.33
1966-01-01,93.32,2.74,5.24,31.8,4.61,707.14,20.76,39.71
1966-02-01,92.69,2.76,5.29,32.0,4.83,697.98,20.78,39.83
1966-03-01,88.88,2.78,5.34,32.1,4.87,667.2,20.87,40.09
1966-04-01,91.6,2.8,5.38,32.3,4.75,683.36,20.86,40.14
1966-05-01,86.78,2.81,5.42,32.3,4.78,647.4,20.99,40.43
1966-06-01,86.06,2.83,5.46,32.4,4.81,640.05,21.05,40.61
1966-07-01,85.84,2.85,5.48,32.5,5.02,636.45,21.13,40.61
1966-08-01,80.65,2.87,5.49,32.7,5.22,594.31,21.15,40.48
1966-09-01,77.81,2.89,5.51,32.7,5.18,573.38,21.3,40.6
1966-10-01,77.13,2.88,5.52,32.9,5.01,564.92,21.12,40.45
1966-11-01,80.99,2.88,5.54,32.9,5.16,593.19,21.07,40.55
1966-12-01,81.33,2.87,5.55,32.9,4.84,595.68,21.02,40.65
1967-01-01,84.45,2.88,5.52,32.9,4.58,618.53,21.09,40.41
1967-02-01,87.36,2.89,5.48,32.9,4.63,639.84,21.17,40.16
1967-03-01,89.42,2.9,5.45,33.0,4.54,652.95,21.18,39.8
1967-04-01,90.96,2.9,5.41,33.1,4.59,662.19,21.11,39.38
1967-05-01,92.59,2.9,5.37,33.2,4.85,672.02,21.05,38.98
1967-06-01,91.43,2.9,5.33,33.3,5.02,661.61,20.99,38.57
1967-07-01,93.01,2.91,5.32,33.4,5.16,671.03,20.97,38.38
1967-08-01,94.49,2.91,5.31,33.5,5.28,679.67,20.96,38.2
1967-09-01,95.81,2.92,5.3,33.6,5.3,687.12,20.94,38.01
1967-10-01,95.66,2.92,5.31,33.7,5.48,684.0,20.88,37.97
1967-11-01,92.66,2.92,5.32,33.8,5.75,660.59,20.82,37.93
1967-12-01,95.3,2.92,5.33,33.9,5.7,677.41,20.76,37.89
1968-01-01,95.04,2.93,5.37,34.1,5.53,671.6,20.7,37.92
1968-02-01,90.75,2.94,5.4,34.2,5.56,639.41,20.71,38.07
1968-03-01,89.09,2.95,5.44,34.3,5.74,625.88,20.72,38.22
1968-04-01,95.67,2.96,5.48,34.4,5.64,670.16,20.76,38.41
1968-05-01,97.87,2.98,5.53,34.5,5.87,683.58,20.79,38.6
1968-06-01,100.5,2.99,5.57,34.7,5.72,697.9,20.76,38.68
1968-07-01,100.3,3.0,5.6,34.9,5.5,692.52,20.74,38.67
1968-08-01,98.11,3.02,5.63,35.0,5.42,675.47,20.77,38.76
1968-09-01,101.3,3.03,5.66,35.1,5.46,695.44,20.8,38.86
1968-10-01,103.8,3.04,5.69,35.3,5.58,708.57,20.77,38.86
1968-11-01,105.4,3.06,5.73,35.4,5.7,717.46,20.81,38.98
1968-12-01,106.5,3.07,5.76,35.5,6.03,722.9,20.84,39.1
1969-01-01,102.0,3.08,5.78,35.6,6.04,690.41,20.85,39.12
1969-02-01,101.5,3.09,5.8,35.8,6.19,683.19,20.8,39.04
1969-03-01,99.3,3.1,5.82,36.1,6.3,662.83,20.69,38.85
1969-04-01,101.3,3.11,5.83,36.3,6.17,672.45,20.64,38.68
1969-05-01,104.6,3.12,5.83,36.4,6.32,692.45,20.65,38.62
1969-06-01,99.14,3.13,5.84,36.6,6.57,652.72,20.61,38.45
1969-07-01,94.71,3.14,5.86,36.8,6.72,620.16,20.54,38.35
1969-08-01,94.18,3.14,5.87,37.0,6.69,613.36,20.47,38.25
1969-09-01,94.51,3.15,5.89,37.1,7.16,613.85,20.46,38.26
1969-10-01,95.52,3.15,5.85,37.3,7.1,617.08,20.37,37.81
1969-11-01,96.21,3.16,5.82,37.5,7.14,618.23,20.28,37.38
1969-12-01,91.11,3.16,5.78,37.7,7.65,582.35,20.2,36.94
1970-01-01,90.31,3.16,5.73,37.8,7.79,575.71,20.17,36.53
1970-02-01,87.16,3.17,5.68,38.0,7.24,552.7,20.08,36.02
1970-03-01,88.65,3.17,5.63,38.2,7.07,559.21,20.0,35.51
1970-04-01,85.95,3.17,5.59,38.5,7.39,537.95,19.86,35.01
1970-05-01,76.06,3.18,5.56,38.6,7.91,474.82,19.83,34.69
1970-06-01,75.59,3.18,5.52,38.8,7.84,469.45,19.75,34.28
1970-07-01,75.72,3.18,5.47,39.0,7.46,467.85,19.67,33.78
1970-08-01,77.92,3.19,5.41,39.0,7.53,481.44,19.69,33.45
1970-09-01,82.58,3.19,5.36,39.2,7.39,507.63,19.61,32.95
1970-10-01,84.37,3.17,5.28,39.4,7.33,516.0,19.41,32.31
1970-11-01,84.28,3.16,5.21,39.6,6.84,512.85,19.21,31.68
1970-12-01,90.05,3.14,5.13,39.8,6.39,545.2,19.01,31.06
1971-01-01,93.49,3.13,5.16,39.8,6.24,566.03,18.95,31.24
1971-02-01,97.11,3.12,5.19,39.9,6.11,586.47,18.84,31.34
1971-03-01,99.6,3.11,5.22,40.0,5.7,600.01,18.74,31.45
1971-04-01,103.0,3.11,5.25,40.1,5.83,618.94,18.67,31.57
1971-05-01,101.6,3.1,5.29,40.3,6.39,607.5,18.56,31.61
1971-06-01,99.72,3.1,5.32,40.6,6.52,591.85,18.4,31.58
1971-07-01,99.0,3.1,5.36,40.7,6.73,586.14,18.33,31.71
1971-08-01,97.24,3.09,5.39,40.8,6.58,574.31,18.27,31.85
1971-09-01,99.4,3.09,5.43,40.8,6.14,587.06,18.25,32.07
1971-10-01,97.29,3.08,5.52,40.9,5.93,573.2,18.17,32.52
1971-11-01,92.78,3.08,5.61,40.9,5.81,546.62,18.13,33.05
1971-12-01,99.17,3.07,5.7,41.1,5.93,581.43,18.0,33.42
1972-01-01,103.3,3.07,5.74,41.1,5.95,605.64,18.0,33.63
1972-02-01,105.2,3.07,5.77,41.3,6.08,613.8,17.91,33.68
1972-03-01,107.7,3.07,5.81,41.4,6.07,626.86,17.87,33.82
1972-04-01,108.8,3.07,5.86,41.5,6.19,631.74,17.83,34.05
1972-05-01,107.7,3.07,5.92,41.6,6.13,623.85,17.78,34.27
1972-06-01,108.0,3.07,5.97,41.7,6.11,624.09,17.74,34.5
1972-07-01,107.2,3.07,6.03,41.9,6.11,616.51,17.67,34.66
1972-08-01,111.0,3.08,6.08,42.0,6.21,636.84,17.65,34.9
1972-09-01,109.4,3.08,6.14,42.1,6.55,626.17,17.63,35.14
1972-10-01,109.6,3.1,6.23,42.3,6.48,624.35,17.68,35.51
1972-11-01,115.1,3.13,6.33,42.4,6.28,654.14,17.77,35.96
1972-12-01,117.5,3.15,6.42,42.5,6.36,666.2,17.86,36.4
1973-01-01,118.4,3.16,6.55,42.6,6.46,669.73,17.86,37.03
1973-02-01,114.2,3.16,6.67,42.9,6.64,641.46,17.77,37.48
1973-03-01,112.4,3.17,6.8,43.3,6.71,625.51,17.64,37.84
1973-04-01,110.3,3.19,6.94,43.6,6.67,609.6,17.61,38.37
1973-05-01,107.2,3.2,7.09,43.9,6.85,588.42,17.58,38.9
1973-06-01,104.8,3.22,7.23,44.2,6.9,571.34,17.55,39.42
1973-07-01,105.8,3.24,7.38,44.3,7.13,575.49,17.61,40.16
1973-08-01,103.8,3.25,7.54,45.1,7.4,554.6,17.38,40.27
1973-09-01,105.6,3.27,7.69,45.2,7.09,562.97,17.43,41.0
1973-10-01,109.8,3.31,7.85,45.6,6.79,580.22,17.47,41.46
1973-11-01,102.0,3.34,8.0,45.9,6.73,535.48,17.55,42.02
1973-12-01,94.78,3.38,8.16,46.2,6.74,494.35,17.63,42.56
1974-01-01,96.11,3.4,8.23,46.6,6.99,496.98,17.58,42.54
1974-02-01,93.45,3.42,8.29,47.2,6.96,477.08,17.46,42.34
1974-03-01,97.44,3.44,8.36,47.8,7.21,491.21,17.34,42.14
1974-04-01,92.46,3.46,8.49,48.0,7.51,464.16,17.37,42.6
1974-05-01,89.67,3.48,8.61,48.6,7.58,444.6,17.25,42.71
1974-06-01,89.79,3.5,8.74,49.0,7.54,441.56,17.21,42.98
1974-07-01,79.31,3.53,8.86,49.4,7.81,386.86,17.22,43.23
1974-08-01,76.03,3.56,8.99,50.0,8.04,366.41,17.16,43.31
1974-09-01,68.12,3.59,9.11,50.6,8.04,324.4,17.1,43.38
1974-10-01,69.44,3.59,9.04,51.1,7.9,327.45,16.94,42.61
1974-11-01,71.74,3.6,8.96,51.5,7.68,335.67,16.83,41.94
1974-12-01,67.07,3.6,8.89,51.9,7.43,311.4,16.71,41.28
1975-01-01,72.56,3.62,8.74,52.1,7.5,335.6,16.76,40.44
1975-02-01,80.1,3.65,8.6,52.5,7.39,367.65,16.74,39.46
1975-03-01,83.78,3.67,8.45,52.7,7.73,383.08,16.78,38.64
1975-04-01,84.72,3.68,8.29,52.9,8.23,385.91,16.78,37.75
1975-05-01,90.1,3.7,8.12,53.2,8.06,408.1,16.74,36.79
1975-06-01,92.4,3.71,7.96,53.6,7.86,415.4,16.68,35.79
1975-07-01,92.49,3.71,7.89,54.2,8.06,411.2,16.49,35.09
1975-08-01,85.71,3.71,7.83,54.3,8.4,380.36,16.46,34.73
1975-09-01,84.67,3.71,7.76,54.6,8.43,373.68,16.37,34.25
1975-10-01,88.57,3.7,7.83,54.9,8.14,388.75,16.24,34.35
1975-11-01,90.07,3.69,7.89,55.3,8.05,392.48,16.08,34.39
1975-12-01,88.7,3.68,7.96,55.5,8.0,385.11,15.98,34.56
1976-01-01,96.86,3.68,8.19,55.6,7.74,419.79,15.96,35.51
1976-02-01,100.6,3.69,8.43,55.8,7.79,434.43,15.92,36.39
1976-03-01,101.1,3.69,8.66,55.9,7.73,435.81,15.91,37.33
1976-04-01,101.9,3.71,8.86,56.1,7.56,437.69,15.95,38.04
1976-05-01,101.2,3.74,9.05,56.5,7.9,431.61,15.94,38.61
1976-06-01,101.8,3.76,9.25,56.8,7.86,431.87,15.95,39.24
1976-07-01,104.2,3.79,9.35,57.1,7.83,439.73,15.99,39.46
1976-08-01,103.3,3.82,9.45,57.4,7.77,433.66,16.04,39.67
1976-09-01,105.5,3.85,9.55,57.6,7.59,441.35,16.11,39.95
1976-10-01,101.9,3.92,9.67,57.9,7.41,424.09,16.3,40.24
1976-11-01,101.2,3.98,9.79,58.0,7.29,420.45,16.55,40.67
1976-12-01,104.7,4.05,9.91,58.2,6.87,433.49,16.77,41.03
1977-01-01,103.8,4.1,9.97,58.5,7.21,427.56,16.87,41.05
1977-02-01,101.0,4.14,10.02,59.1,7.39,411.81,16.89,40.87
1977-03-01,100.6,4.19,10.08,59.5,7.46,407.42,16.97,40.82
1977-04-01,99.05,4.25,10.19,60.0,7.37,397.8,17.06,40.94
1977-05-01,98.76,4.3,10.31,60.3,7.46,394.66,17.2,41.19
1977-06-01,99.29,4.36,10.42,60.7,7.28,394.16,17.31,41.37
1977-07-01,100.2,4.41,10.52,61.0,7.33,395.82,17.41,41.54
1977-08-01,97.75,4.45,10.61,61.2,7.4,384.88,17.53,41.79
1977-09-01,96.23,4.5,10.71,61.4,7.34,377.66,17.66,42.03
1977-10-01,93.74,4.56,10.77,61.6,7.52,366.69,17.82,42.13
1977-11-01,94.28,4.61,10.83,61.9,7.58,367.02,17.96,42.16
1977-12-01,93.82,4.67,10.89,62.1,7.69,364.05,18.12,42.26
1978-01-01,90.25,4.71,10.9,62.5,7.96,347.96,18.17,42.02
1978-02-01,88.98,4.76,10.91,62.9,8.03,340.88,18.22,41.8
1978-03-01,88.82,4.8,10.92,63.4,8.04,337.58,18.24,41.5
1978-04-01,92.71,4.84,11.02,63.9,8.15,349.61,18.24,41.57
1978-05-01,97.41,4.87,11.13,64.5,8.35,363.92,18.21,41.57
1978-06-01,97.66,4.91,11.23,65.2,8.46,360.93,18.15,41.5
1978-07-01,97.19,4.95,11.34,65.7,8.64,356.46,18.14,41.6
1978-08-01,103.9,4.98,11.46,66.0,8.41,379.34,18.19,41.83
1978-09-01,103.9,5.02,11.57,66.5,8.42,376.49,18.19,41.92
1978-10-01,100.6,5.04,11.82,67.1,8.64,361.27,18.09,42.46
1978-11-01,94.71,5.05,12.08,67.4,8.81,338.61,18.07,43.18
1978-12-01,96.11,5.07,12.33,67.7,9.01,342.09,18.05,43.89
1979-01-01,99.71,5.11,12.65,68.3,9.1,351.78,18.04,44.64
1979-02-01,98.23,5.16,12.98,69.1,9.1,342.55,17.98,45.25
1979-03-01,100.1,5.2,13.3,69.8,9.12,345.57,17.95,45.91
1979-04-01,102.1,5.25,13.53,70.6,9.18,348.48,17.91,46.17
1979-05-01,99.73,5.29,13.75,71.5,9.25,336.11,17.84,46.35
1979-06-01,101.7,5.34,13.98,72.3,8.91,338.95,17.8,46.59
1979-07-01,102.7,5.4,14.2,73.1,8.95,338.54,17.79,46.8
1979-08-01,107.4,5.45,14.41,73.8,9.03,350.68,17.81,47.06
1979-09-01,108.6,5.51,14.63,74.6,9.33,350.79,17.8,47.26
1979-10-01,104.5,5.56,14.71,75.2,10.3,334.85,17.81,47.13
1979-11-01,103.7,5.6,14.78,75.9,10.65,329.23,17.79,46.93
1979-12-01,107.8,5.65,14.86,76.7,10.39,338.67,17.75,46.69
1980-01-01,110.9,5.7,15.0,77.8,10.8,343.49,17.65,46.47
1980-02-01,115.3,5.75,15.15,78.9,12.41,352.14,17.56,46.26
1980-03-01,104.7,5.8,15.29,80.1,12.75,314.97,17.45,46.0
1980-04-01,103.0,5.85,15.17,81.0,11.47,306.42,17.39,45.14
1980-05-01,107.7,5.89,15.06,81.8,10.18,317.26,17.36,44.35
1980-06-01,114.6,5.94,14.94,82.7,9.78,333.92,17.31,43.53
1980-07-01,119.8,5.98,14.84,82.7,10.25,349.07,17.43,43.24
1980-08-01,123.5,6.03,14.74,83.3,11.1,357.26,17.43,42.64
1980-09-01,126.5,6.07,14.64,84.0,11.51,362.89,17.41,42.0
1980-10-01,130.2,6.1,14.7,84.8,11.75,369.98,17.33,41.77
1980-11-01,135.7,6.13,14.76,85.5,12.68,382.45,17.28,41.6
1980-12-01,133.5,6.16,14.82,86.3,12.84,372.76,17.2,41.38
1981-01-01,133.0,6.2,14.74,87.0,12.57,368.38,17.17,40.83
1981-02-01,128.4,6.24,14.66,87.9,13.19,351.99,17.11,40.19
1981-03-01,133.2,6.28,14.58,88.5,13.12,362.68,17.1,39.7
1981-04-01,134.4,6.32,14.72,89.1,13.68,363.48,17.08,39.82
1981-05-01,131.7,6.35,14.87,89.8,14.1,353.4,17.05,39.89
1981-06-01,132.3,6.39,15.01,90.6,13.47,351.88,17.0,39.92
1981-07-01,129.1,6.43,15.1,91.6,14.28,339.62,16.92,39.71
1981-08-01,129.6,6.48,15.18,92.3,14.94,338.35,16.91,39.64
1981-09-01,118.3,6.52,15.27,93.2,15.32,305.86,16.86,39.48
1981-10-01,119.8,6.56,15.3,93.4,15.15,309.08,16.92,39.47
1981-11-01,122.9,6.59,15.33,93.7,13.39,316.06,16.96,39.42
1981-12-01,123.8,6.63,15.36,94.0,13.72,317.36,17.0,39.38
1982-01-01,117.3,6.66,15.18,94.3,14.59,299.74,17.02,38.78
1982-02-01,114.5,6.69,14.99,94.6,14.43,291.66,17.04,38.19
1982-03-01,110.8,6.72,14.81,94.5,13.86,282.53,17.14,37.76
1982-04-01,116.3,6.75,14.6,94.9,13.87,295.31,17.14,37.06
1982-05-01,116.4,6.78,14.38,95.8,13.62,292.78,17.05,36.18
1982-06-01,109.7,6.81,14.17,97.0,14.3,272.52,16.92,35.2
1982-07-01,109.4,6.82,13.97,97.5,13.95,270.38,16.86,34.52
1982-08-01,109.7,6.84,13.76,97.7,13.06,270.56,16.86,33.95
1982-09-01,122.4,6.85,13.56,97.9,12.34,301.27,16.86,33.38
1982-10-01,132.7,6.86,13.25,98.2,10.91,325.62,16.83,32.52
1982-11-01,138.1,6.86,12.95,98.0,10.55,339.57,16.88,31.83
1982-12-01,139.4,6.87,12.64,97.6,10.54,344.17,16.96,31.21
1983-01-01,144.3,6.88,12.57,97.8,10.46,355.54,16.96,30.96
1983-02-01,146.8,6.9,12.49,97.9,10.72,361.33,16.98,30.75
1983-03-01,151.9,6.91,12.42,97.9,10.51,373.88,17.01,30.57
1983-04-01,157.7,6.92,12.48,98.6,10.4,385.4,16.91,30.49
1983-05-01,164.1,6.93,12.53,99.2,10.38,398.62,16.83,30.44
1983-06-01,166.4,6.94,12.59,99.5,10.85,402.98,16.81,30.49
1983-07-01,167.0,6.96,12.83,99.9,11.38,402.82,16.79,30.94
1983-08-01,162.4,6.98,13.06,100.2,11.85,390.55,16.79,31.42
1983-09-01,167.2,7.0,13.3,100.7,11.65,400.1,16.75,31.83
1983-10-01,167.7,7.03,13.54,101.0,11.54,400.1,16.77,32.31
1983-11-01,165.2,7.06,13.79,101.2,11.69,393.36,16.81,32.83
1983-12-01,164.4,7.09,14.03,101.3,11.83,391.07,16.87,33.37
1984-01-01,166.4,7.12,14.44,101.9,11.67,393.49,16.84,34.15
1984-02-01,157.3,7.15,14.85,102.4,11.84,370.16,16.83,34.94
1984-03-01,157.4,7.18,15.26,102.6,12.32,369.67,16.86,35.84
1984-04-01,157.6,7.22,15.57,103.1,12.63,368.35,16.88,36.4
1984-05-01,156.6,7.27,15.89,103.4,13.41,364.95,16.93,37.02
1984-06-01,153.1,7.31,16.2,103.7,13.56,355.76,16.99,37.64
1984-07-01,151.1,7.33,16.32,104.1,13.36,349.76,16.97,37.78
1984-08-01,164.4,7.36,16.44,104.5,12.72,379.09,16.96,37.91
1984-09-01,166.1,7.38,16.56,105.0,12.52,381.19,16.94,38.0
1984-10-01,164.8,7.43,16.59,105.3,12.16,377.13,17.0,37.96
1984-11-01,166.3,7.48,16.61,105.3,11.57,380.56,17.12,38.02
1984-12-01,164.5,7.53,16.64,105.3,11.5,376.44,17.23,38.08
1985-01-01,171.6,7.57,16.56,105.5,11.38,391.94,17.3,37.82
1985-02-01,180.9,7.62,16.47,106.0,11.51,411.24,17.31,37.45
1985-03-01,179.4,7.66,16.39,106.4,11.86,406.29,17.35,37.12
1985-04-01,180.6,7.69,16.13,106.9,11.43,407.1,17.33,36.36
1985-05-01,184.9,7.71,15.87,107.3,10.85,415.24,17.32,35.64
1985-06-01,188.9,7.74,15.61,107.6,10.16,423.04,17.33,34.96
1985-07-01,192.5,7.77,15.48,107.8,10.31,430.3,17.38,34.61
1985-08-01,188.3,7.81,15.36,108.0,10.33,420.13,17.42,34.26
1985-09-01,184.1,7.84,15.23,108.3,10.37,409.62,17.44,33.89
1985-10-01,186.2,7.86,15.02,108.7,10.24,412.77,17.42,33.3
1985-11-01,197.5,7.88,14.82,109.0,9.78,436.61,17.42,32.76
1985-12-01,207.3,7.9,14.61,109.3,9.26,457.02,17.42,32.21
1986-01-01,208.2,7.94,14.58,109.6,9.19,457.75,17.46,32.06
1986-02-01,219.4,7.98,14.55,109.3,8.7,483.7,17.59,32.08
1986-03-01,232.3,8.02,14.52,108.8,7.78,514.49,17.76,32.16
1986-04-01,238.0,8.05,14.58,108.6,7.3,528.09,17.85,32.36
1986-05-01,238.5,8.07,14.65,108.9,7.71,527.74,17.86,32.41
1986-06-01,245.3,8.1,14.71,109.5,7.8,539.81,17.82,32.37
1986-07-01,240.2,8.14,14.76,109.5,7.3,528.59,17.92,32.47
1986-08-01,245.0,8.19,14.8,109.7,7.17,538.17,17.98,32.52
1986-09-01,238.3,8.23,14.85,110.2,7.45,521.08,18.0,32.47
1986-10-01,237.4,8.25,14.73,110.3,7.43,518.64,18.02,32.17
1986-11-01,245.1,8.26,14.6,110.4,7.25,534.97,18.04,31.87
1986-12-01,248.6,8.28,14.48,110.5,7.11,542.12,18.06,31.58
1987-01-01,264.5,8.3,14.69,111.2,7.08,573.16,17.99,31.83
1987-02-01,280.9,8.32,14.89,111.6,7.25,606.52,17.96,32.16
1987-03-01,292.5,8.34,15.1,112.1,7.25,628.75,17.93,32.46
1987-04-01,289.3,8.4,14.87,112.7,8.02,618.56,17.96,31.8
1987-05-01,289.1,8.46,14.65,113.1,8.61,615.95,18.02,31.21
1987-06-01,301.4,8.52,14.42,113.5,8.4,639.89,18.09,30.61
1987-07-01,310.1,8.57,14.9,113.8,8.45,656.63,18.14,31.55
1987-08-01,329.4,8.61,15.38,114.4,8.76,693.83,18.14,32.4
1987-09-01,318.7,8.66,15.86,115.0,9.42,667.79,18.15,33.23
1987-10-01,280.2,8.71,16.41,115.3,9.52,585.59,18.2,34.29
1987-11-01,245.0,8.76,16.95,115.4,8.86,511.59,18.29,35.4
1987-12-01,241.0,8.81,17.5,115.4,8.99,503.23,18.4,36.54
1988-01-01,250.5,8.86,17.86,115.7,8.67,521.71,18.45,37.2
1988-02-01,258.1,8.9,18.23,116.0,8.21,536.15,18.49,37.86
1988-03-01,265.7,8.95,18.59,116.5,8.37,549.57,18.51,38.45
1988-04-01,262.6,9.04,19.62,117.1,8.72,540.38,18.61,40.37
1988-05-01,256.1,9.14,20.64,117.5,9.09,525.21,18.74,42.33
1988-06-01,270.7,9.23,21.67,118.0,8.92,552.8,18.85,44.25
1988-07-01,269.1,9.31,22.02,118.5,9.06,547.21,18.92,44.78
1988-08-01,263.7,9.38,22.38,119.0,9.26,533.98,19.0,45.31
1988-09-01,268.0,9.46,22.73,119.8,8.98,539.06,19.03,45.72
1988-10-01,277.4,9.55,23.07,120.2,8.8,556.11,19.15,46.26
1988-11-01,271.0,9.64,23.42,120.3,8.96,542.83,19.31,46.9
1988-12-01,276.5,9.75,23.75,120.5,9.11,552.92,19.5,47.49
1989-01-01,285.4,9.81,24.16,121.1,9.09,567.89,19.53,48.07
1989-02-01,294.0,9.9,24.56,121.6,9.17,582.6,19.61,48.67
1989-03-01,292.7,10.01,24.96,122.3,9.36,576.71,19.72,49.18
1989-04-01,302.3,10.09,25.05,123.1,9.18,591.75,19.74,49.03
1989-05-01,313.9,10.19,25.13,123.8,8.86,610.98,19.84,48.92
1989-06-01,323.7,10.37,25.22,124.1,8.28,628.53,20.14,48.97
1989-07-01,331.9,10.42,24.71,124.4,8.02,642.9,20.19,47.86
1989-08-01,346.6,10.55,24.2,124.6,8.11,670.3,20.4,46.8
1989-09-01,347.3,10.73,23.69,125.0,8.19,669.5,20.68,45.67
1989-10-01,347.4,10.8,23.43,125.6,8.01,666.5,20.71,44.94
1989-11-01,340.2,10.92,23.16,125.9,7.87,651.13,20.91,44.33
1989-12-01,348.6,11.06,22.87,126.1,7.84,666.15,21.13,43.7
1990-01-01,339.97,11.14,22.49,127.4,8.21,643.03,21.07,42.54
1990-02-01,330.45,11.23,22.08,128.0,8.47,622.09,21.14,41.57
1990-03-01,338.46,11.32,21.67,128.7,8.59,633.7,21.19,40.57
1990-04-01,338.18,11.44,21.53,128.9,8.79,632.2,21.38,40.25
1990-05-01,350.25,11.55,21.4,129.2,8.76,653.24,21.55,39.91
1990-06-01,360.39,11.66,21.26,129.9,8.48,668.53,21.63,39.44
1990-07-01,360.03,11.73,21.42,130.4,8.47,665.3,21.67,39.58
1990-08-01,330.75,11.78,21.58,131.6,8.75,605.62,21.58,39.51
1990-09-01,315.41,11.83,21.74,132.7,8.89,572.75,21.48,39.48
1990-10-01,307.12,11.93,21.61,133.5,8.72,554.35,21.53,39.0
1990-11-01,315.29,12.01,21.47,133.8,8.39,567.82,21.64,38.67
1990-12-01,328.75,12.09,21.34,133.8,8.08,592.06,21.77,38.43
1991-01-01,325.49,12.11,21.18,134.6,8.09,582.71,21.67,37.92
1991-02-01,362.26,12.11,21.03,134.8,7.85,647.57,21.65,37.59
1991-03-01,372.28,12.11,20.94,135.0,8.11,664.5,21.62,37.38
1991-04-01,379.68,12.13,20.36,135.2,8.04,676.7,21.62,36.29
1991-05-01,377.99,12.14,19.86,135.6,8.07,671.71,21.57,35.29
1991-06-01,378.29,12.15,19.41,136.0,8.28,670.26,21.53,34.39
1991-07-01,380.23,12.19,18.84,136.2,8.27,672.71,21.57,33.33
1991-08-01,389.4,12.24,18.33,136.6,7.9,686.92,21.59,32.33
1991-09-01,387.2,12.28,17.82,137.2,7.65,680.05,21.57,31.3
1991-10-01,386.88,12.25,17.2,137.4,7.53,678.5,21.49,30.17
1991-11-01,385.92,12.23,16.59,137.8,7.42,674.85,21.38,29.0
1991-12-01,388.51,12.2,15.97,137.9,7.09,678.88,21.32,27.91
1992-01-01,416.08,12.24,16.05,138.1,7.03,726.01,21.36,28.0
1992-02-01,412.56,12.28,16.12,138.6,7.34,717.27,21.35,28.03
1992-03-01,407.36,12.32,16.19,139.3,7.54,704.67,21.31,28.01
1992-04-01,407.41,12.32,16.48,139.5,7.48,703.75,21.28,28.47
1992-05-01,414.81,12.32,16.77,139.7,7.39,715.5,21.25,28.92
1992-06-01,408.27,12.32,17.05,140.2,7.26,701.71,21.17,29.3
1992-07-01,415.05,12.34,17.38,140.5,6.84,711.84,21.17,29.81
1992-08-01,417.93,12.37,17.71,140.9,6.59,714.74,21.15,30.29
1992-09-01,418.48,12.4,18.04,141.3,6.42,713.66,21.15,30.76
1992-10-01,412.5,12.39,18.39,141.8,6.59,700.98,21.05,31.25
1992-11-01,422.84,12.38,18.74,142.0,6.87,717.54,21.01,31.8
1992-12-01,435.64,12.39,19.09,141.9,6.77,739.78,21.04,32.42
1993-01-01,435.23,12.41,19.34,142.6,6.6,735.46,20.98,32.68
1993-02-01,441.7,12.45,19.59,143.1,6.26,743.78,20.96,32.99
1993-03-01,450.16,12.48,19.84,143.6,5.98,755.39,20.94,33.29
1993-04-01,443.08,12.49,19.67,144.0,5.97,741.44,20.91,32.92
1993-05-01,445.25,12.51,19.5,144.2,6.04,744.04,20.9,32.59
1993-06-01,448.06,12.52,19.33,144.4,5.96,747.7,20.89,32.26
1993-07-01,447.29,12.52,19.69,144.4,5.81,746.41,20.89,32.86
1993-08-01,454.13,12.52,20.05,144.8,5.68,755.74,20.84,33.37
1993-09-01,459.24,12.52,20.41,145.1,5.36,762.66,20.79,33.89
1993-10-01,463.9,12.54,20.9,145.7,5.33,767.23,20.74,34.57
1993-11-01,462.89,12.56,21.39,145.8,5.72,765.03,20.76,35.35
1993-12-01,465.95,12.58,21.89,145.8,5.77,770.09,20.79,36.18
1994-01-01,472.99,12.62,22.16,146.2,5.75,779.58,20.81,36.52
1994-02-01,471.58,12.67,22.43,146.7,5.97,774.61,20.81,36.85
1994-03-01,463.81,12.71,22.71,147.2,6.48,759.26,20.81,37.18
1994-04-01,447.23,12.75,23.54,147.4,6.97,731.12,20.85,38.48
1994-05-01,450.9,12.8,24.37,147.5,7.18,736.62,20.91,39.81
1994-06-01,454.83,12.84,25.2,148.0,7.1,740.53,20.91,41.03
1994-07-01,451.4,12.87,25.91,148.4,7.3,732.97,20.9,42.07
1994-08-01,464.24,12.9,26.62,149.0,7.24,750.78,20.86,43.05
1994-09-01,466.96,12.92,27.33,149.4,7.46,753.16,20.84,44.08
1994-10-01,463.81,13.01,28.42,149.5,7.74,747.58,20.98,45.81
1994-11-01,461.01,13.1,29.51,149.7,7.96,742.07,21.08,47.5
1994-12-01,455.19,13.17,30.6,149.7,7.81,732.7,21.2,49.26
1995-01-01,465.25,13.18,31.25,150.3,7.78,745.91,21.13,50.1
1995-02-01,481.92,13.18,31.9,150.9,7.47,769.56,21.05,50.94
1995-03-01,493.15,13.17,32.55,151.4,7.2,784.89,20.96,51.81
1995-04-01,507.91,13.24,33.18,151.9,7.06,805.73,21.01,52.63
1995-05-01,523.81,13.31,33.8,152.2,6.63,829.31,21.07,53.52
1995-06-01,539.35,13.36,34.43,152.5,6.17,852.23,21.11,54.4
1995-07-01,557.37,13.44,34.68,152.5,6.28,880.71,21.24,54.8
1995-08-01,559.11,13.51,34.93,152.9,6.49,881.15,21.29,55.05
1995-09-01,578.77,13.58,35.18,153.2,6.2,910.34,21.36,55.33
1995-10-01,582.92,13.65,34.77,153.7,6.04,913.89,21.4,54.52
1995-11-01,595.53,13.72,34.37,153.6,5.93,934.27,21.52,53.91
1995-12-01,614.57,13.79,33.96,153.5,5.71,964.76,21.65,53.31
1996-01-01,614.42,13.89,33.99,154.4,5.65,958.91,21.68,53.04
1996-02-01,649.54,14.0,34.01,154.9,5.81,1010.44,21.77,52.91
1996-03-01,647.07,14.1,34.04,155.7,6.27,1001.43,21.82,52.68
1996-04-01,647.17,14.16,34.33,156.3,6.51,997.74,21.83,52.93
1996-05-01,661.23,14.21,34.62,156.6,6.74,1017.46,21.87,53.27
1996-06-01,668.5,14.27,34.91,156.7,6.91,1027.99,21.94,53.68
1996-07-01,644.07,14.4,35.27,157.0,6.87,988.53,22.1,54.14
1996-08-01,662.68,14.53,35.64,157.3,6.64,1015.16,22.26,54.59
1996-09-01,674.88,14.66,36.0,157.8,6.83,1030.57,22.39,54.97
1996-10-01,701.46,14.74,36.91,158.3,6.53,1067.78,22.44,56.19
1996-11-01,735.67,14.82,37.82,158.6,6.2,1117.73,22.52,57.46
1996-12-01,743.25,14.9,38.73,158.6,6.3,1129.25,22.64,58.84
1997-01-01,766.22,14.95,39.23,159.1,6.58,1160.49,22.65,59.42
1997-02-01,798.39,15.01,39.74,159.6,6.42,1205.43,22.66,60.0
1997-03-01,792.16,15.06,40.24,160.0,6.69,1193.03,22.68,60.6
1997-04-01,763.93,15.09,40.34,160.2,6.89,1149.08,22.7,60.68
1997-05-01,833.09,15.13,40.45,160.1,6.71,1253.89,22.77,60.88
1997-06-01,876.29,15.16,40.55,160.3,6.49,1317.26,22.79,60.96
1997-07-01,925.29,15.22,40.58,160.5,6.22,1389.19,22.85,60.92
1997-08-01,927.24,15.27,40.61,160.8,6.3,1389.52,22.89,60.86
1997-09-01,937.02,15.33,40.64,161.2,6.21,1400.69,22.92,60.75
1997-10-01,951.16,15.39,40.33,161.6,6.03,1418.31,22.94,60.14
1997-11-01,938.92,15.44,40.03,161.5,5.88,1400.92,23.04,59.72
1997-12-01,962.37,15.5,39.72,161.3,5.81,1437.69,23.16,59.34
1998-01-01,963.36,15.55,39.66,161.6,5.54,1436.5,23.19,59.14
1998-02-01,1023.74,15.6,39.6,161.9,5.57,1523.7,23.22,58.94
1998-03-01,1076.83,15.64,39.54,162.2,5.65,1599.76,23.24,58.74
1998-04-01,1112.2,15.75,39.35,162.5,5.64,1649.25,23.36,58.35
1998-05-01,1108.42,15.85,39.16,162.8,5.65,1640.62,23.46,57.96
1998-06-01,1108.39,15.95,38.97,163.0,5.5,1638.56,23.58,57.61
1998-07-01,1156.58,16.02,38.68,163.2,5.46,1707.71,23.65,57.11
1998-08-01,1074.62,16.08,38.38,163.4,5.34,1584.75,23.72,56.6
1998-09-01,1020.64,16.14,38.09,163.6,4.81,1503.31,23.77,56.1
1998-10-01,1032.47,16.17,37.96,164.0,4.53,1517.02,23.75,55.78
1998-11-01,1144.43,16.18,37.84,164.0,4.83,1681.53,23.78,55.59
1998-12-01,1190.05,16.2,37.71,163.9,4.65,1749.62,23.82,55.44
1999-01-01,1248.77,16.28,37.93,164.3,4.72,1831.48,23.88,55.63
1999-02-01,1246.58,16.37,38.16,164.5,5.0,1826.05,23.97,55.89
1999-03-01,1281.66,16.45,38.38,165.0,5.23,1871.75,24.02,56.05
1999-04-01,1334.76,16.45,39.26,166.2,5.18,1935.22,23.85,56.92
1999-05-01,1332.07,16.45,40.14,166.2,5.54,1931.32,23.85,58.2
1999-06-01,1322.55,16.45,41.02,166.2,5.9,1917.52,23.85,59.47
1999-07-01,1380.99,16.51,42.0,166.7,5.79,1996.24,23.87,60.71
1999-08-01,1327.49,16.58,42.98,167.1,5.94,1914.31,23.9,61.98
1999-09-01,1318.17,16.64,43.96,167.9,5.92,1891.82,23.88,63.09
1999-10-01,1300.01,16.66,45.36,168.2,6.11,1862.42,23.86,64.99
1999-11-01,1391.0,16.67,46.77,168.3,6.03,1991.6,23.87,66.96
1999-12-01,1428.68,16.69,48.17,168.3,6.28,2045.54,23.9,68.97
2000-01-01,1425.59,16.71,49.1,168.8,6.66,2035.07,23.86,70.09
2000-02-01,1388.87,16.74,50.02,169.8,6.52,1970.98,23.75,70.99
2000-03-01,1442.21,16.76,50.95,171.2,6.26,2029.94,23.59,71.71
2000-04-01,1461.36,16.74,51.27,171.3,5.99,2055.69,23.55,72.13
2000-05-01,1418.48,16.72,51.6,171.5,6.44,1993.05,23.49,72.5
2000-06-01,1461.96,16.7,51.92,172.4,6.1,2043.41,23.34,72.57
2000-07-01,1473.0,16.58,52.51,172.8,6.05,2054.08,23.13,73.23
2000-08-01,1485.46,16.47,53.11,172.8,5.83,2071.45,22.96,74.06
2000-09-01,1468.05,16.35,53.7,173.7,5.8,2036.57,22.68,74.5
2000-10-01,1390.14,16.32,52.47,174.0,5.74,1925.16,22.61,72.66
2000-11-01,1378.04,16.3,51.23,174.1,5.72,1907.31,22.56,70.91
2000-12-01,1330.93,16.27,50.0,174.0,5.24,1843.16,22.53,69.24
2001-01-01,1335.63,16.17,48.48,175.1,5.16,1838.05,22.25,66.72
2001-02-01,1305.75,16.07,46.96,175.8,5.1,1789.78,22.03,64.37
2001-03-01,1185.85,15.97,45.44,176.2,4.89,1621.74,21.84,62.14
2001-04-01,1189.84,15.88,42.56,176.9,5.14,1620.76,21.63,57.97
2001-05-01,1270.37,15.78,39.67,177.7,5.39,1722.66,21.4,53.8
2001-06-01,1238.71,15.69,36.79,178.0,5.28,1676.9,21.24,49.8
2001-07-01,1204.45,15.71,33.96,177.5,5.24,1635.12,21.32,46.11
2001-08-01,1178.5,15.72,31.14,177.5,4.97,1599.89,21.35,42.27
2001-09-01,1044.64,15.74,28.31,178.3,4.73,1411.8,21.27,38.26
2001-10-01,1076.59,15.74,27.1,177.7,4.57,1459.89,21.34,36.75
2001-11-01,1129.68,15.74,25.9,177.4,4.65,1534.48,21.38,35.18
2001-12-01,1144.93,15.74,24.69,176.7,5.09,1561.35,21.46,33.67
2002-01-01,1140.21,15.74,24.69,177.1,5.04,1551.4,21.41,33.6
2002-02-01,1100.67,15.73,24.7,177.8,4.91,1491.71,21.32,33.47
2002-03-01,1153.79,15.73,24.7,178.8,5.28,1554.95,21.2,33.29
2002-04-01,1111.93,15.83,25.38,179.8,5.21,1490.2,21.22,34.01
2002-05-01,1079.25,15.94,26.06,179.8,5.16,1446.41,21.36,34.93
2002-06-01,1014.02,16.04,26.74,179.9,4.93,1358.23,21.48,35.82
2002-07-01,903.59,15.96,27.84,180.1,4.65,1208.97,21.35,37.25
2002-08-01,912.55,15.88,28.94,180.7,4.26,1216.9,21.18,38.59
2002-09-01,867.81,15.8,30.04,181.0,3.87,1155.32,21.03,39.99
2002-10-01,854.63,15.89,29.22,181.3,3.94,1135.9,21.12,38.84
2002-11-01,909.93,15.98,28.41,181.3,4.05,1209.4,21.24,37.76
2002-12-01,899.18,16.07,27.59,180.9,4.03,1197.75,21.41,36.75
2003-01-01,895.84,16.12,28.5,181.7,4.05,1188.05,21.38,37.8
2003-02-01,837.03,16.17,29.41,183.1,3.9,1101.57,21.28,38.7
2003-03-01,846.63,16.22,30.32,184.2,3.81,1107.55,21.22,39.66
2003-04-01,890.03,16.2,31.73,183.8,3.96,1166.86,21.24,41.6
2003-05-01,935.96,16.19,33.14,183.5,3.57,1229.08,21.26,43.52
2003-06-01,988.0,16.17,34.55,183.7,3.33,1296.0,21.21,45.32
2003-07-01,992.54,16.31,35.89,183.9,3.98,1300.54,21.37,47.03
2003-08-01,989.53,16.45,37.24,184.6,4.45,1291.68,21.47,48.61
2003-09-01,1019.44,16.59,38.58,185.2,4.27,1326.41,21.59,50.2
2003-10-01,1038.73,16.86,41.97,185.0,4.29,1352.97,21.96,54.66
2003-11-01,1049.9,17.12,45.35,184.5,4.3,1371.23,22.36,59.23
2003-12-01,1080.64,17.39,48.74,184.3,4.27,1412.91,22.74,63.73
2004-01-01,1132.52,17.6,49.83,185.2,4.15,1473.54,22.9,64.83
2004-02-01,1143.36,17.81,50.91,186.2,4.08,1479.66,23.05,65.89
2004-03-01,1123.98,18.02,52.0,187.4,3.83,1445.26,23.17,66.86
2004-04-01,1133.36,18.21,53.38,188.0,4.35,1452.67,23.34,68.42
2004-05-01,1102.78,18.41,54.77,189.1,4.72,1405.26,23.46,69.79
2004-06-01,1132.76,18.6,56.15,189.7,4.73,1438.89,23.63,71.32
2004-07-01,1105.85,18.79,56.69,189.4,4.5,1406.94,23.9,72.12
2004-08-01,1088.94,18.97,57.23,189.5,4.28,1384.69,24.13,72.77
2004-09-01,1117.66,19.16,57.77,189.9,4.13,1418.22,24.31,73.31
2004-10-01,1117.21,19.25,58.03,190.9,4.1,1410.22,24.3,73.25
2004-11-01,1168.94,19.35,58.29,191.0,4.19,1474.74,24.41,73.54
2004-12-01,1199.21,19.44,58.55,190.3,4.23,1518.5,24.62,74.14
2005-01-01,1181.41,19.7,59.11,190.7,4.22,1492.82,24.9,74.69
2005-02-01,1199.63,19.97,59.66,191.8,4.17,1507.15,25.09,74.96
2005-03-01,1194.9,20.23,60.22,193.3,4.5,1489.56,25.22,75.07
2005-04-01,1164.43,20.46,61.23,194.6,4.34,1441.88,25.34,75.82
2005-05-01,1178.28,20.7,62.25,194.4,4.14,1460.53,25.65,77.16
2005-06-01,1202.25,20.93,63.26,194.5,4.0,1489.47,25.93,78.37
2005-07-01,1222.24,21.11,64.33,195.4,4.18,1507.27,26.03,79.33
2005-08-01,1224.27,21.29,65.4,196.4,4.26,1502.08,26.12,80.24
2005-09-01,1225.92,21.47,66.47,198.8,4.2,1485.95,26.02,80.57
2005-10-01,1191.96,21.72,67.59,199.2,4.46,1441.88,26.27,81.76
2005-11-01,1237.37,21.97,68.71,197.6,4.54,1508.94,26.79,83.79
2005-12-01,1262.07,22.22,69.83,196.8,4.47,1545.31,27.21,85.5
2006-01-01,1278.73,22.41,70.78,198.3,4.42,1553.87,27.23,86.01
2006-02-01,1276.65,22.59,71.72,198.7,4.57,1548.22,27.4,86.98
2006-03-01,1293.74,22.78,72.67,199.8,4.72,1560.31,27.47,87.64
2006-04-01,1302.17,23.0,73.28,201.5,4.99,1557.22,27.5,87.63
2006-05-01,1290.01,23.22,73.88,202.5,5.11,1535.06,27.63,87.92
2006-06-01,1253.17,23.44,74.49,202.9,5.11,1488.28,27.84,88.47
2006-07-01,1260.24,23.66,75.85,203.5,5.09,1492.27,28.02,89.82
2006-08-01,1287.15,23.88,77.21,203.9,4.88,1521.14,28.22,91.25
2006-09-01,1317.74,24.1,78.57,202.9,4.72,1564.97,28.62,93.31
2006-10-01,1363.38,24.36,79.55,201.8,4.73,1628.0,29.09,94.99
2006-11-01,1388.64,24.62,80.53,201.5,4.6,1660.63,29.44,96.3
2006-12-01,1416.42,24.88,81.51,201.8,4.56,1691.33,29.71,97.33
2007-01-01,1424.16,25.08,82.06,202.42,4.76,1695.4,29.86,97.68
2007-02-01,1444.8,25.29,82.6,203.5,4.72,1710.82,29.94,97.81
2007-03-01,1406.95,25.49,83.15,205.35,4.56,1650.96,29.91,97.57
2007-04-01,1463.64,25.72,83.74,206.69,4.69,1706.4,29.98,97.63
2007-05-01,1511.14,25.94,84.33,207.95,4.75,1751.08,30.06,97.72
2007-06-01,1514.19,26.17,84.92,208.35,5.1,1751.22,30.27,98.21
2007-07-01,1520.71,26.44,82.81,208.3,5.0,1759.21,30.59,95.8
2007-08-01,1454.62,26.71,80.71,207.92,4.67,1685.84,30.96,93.54
2007-09-01,1497.12,26.98,78.6,208.49,4.52,1730.33,31.18,90.84
2007-10-01,1539.66,27.23,74.46,208.94,4.53,1775.7,31.4,85.88
2007-11-01,1463.39,27.48,70.32,210.18,4.15,1677.77,31.51,80.62
2007-12-01,1479.22,27.73,66.18,210.04,4.1,1697.06,31.81,75.93
2008-01-01,1378.76,27.92,64.25,211.08,3.74,1573.98,31.87,73.35
2008-02-01,1354.87,28.11,62.32,211.69,3.74,1542.23,32.0,70.94
2008-03-01,1316.94,28.3,60.39,213.53,3.51,1486.17,31.94,68.15
2008-04-01,1370.47,28.44,57.38,214.82,3.68,1537.26,31.9,64.37
2008-05-01,1403.22,28.57,54.38,216.63,3.88,1560.85,31.78,60.49
2008-06-01,1341.25,28.71,51.37,218.81,4.1,1477.03,31.62,56.57
2008-07-01,1257.33,28.76,49.56,219.96,4.01,1377.39,31.5,54.3
2008-08-01,1281.47,28.8,47.76,219.09,3.89,1409.46,31.68,52.53
2008-09-01,1216.95,28.85,45.95,218.78,3.69,1340.35,31.78,50.61
2008-10-01,968.8,28.7,35.59,216.57,3.81,1077.92,31.93,39.6
2008-11-01,883.04,28.54,25.24,212.43,3.53,1001.69,32.38,28.63
2008-12-01,877.56,28.39,14.88,210.23,2.42,1005.88,32.54,17.06
2009-01-01,865.58,28.01,12.21,211.14,2.52,987.84,31.97,13.93
2009-02-01,805.23,27.64,9.53,212.19,2.87,914.42,31.38,10.83
2009-03-01,757.13,27.26,6.86,212.71,2.82,857.71,30.88,7.77
2009-04-01,848.15,26.7,7.08,213.24,2.93,958.43,30.18,8.0
2009-05-01,902.41,26.15,7.29,213.86,3.29,1016.81,29.46,8.22
2009-06-01,926.12,25.59,7.51,215.69,3.72,1034.64,28.59,8.39
2009-07-01,935.82,25.03,9.19,215.35,3.56,1047.14,28.0,10.28
2009-08-01,1009.73,24.46,10.86,215.83,3.59,1127.31,27.31,12.13
2009-09-01,1044.55,23.9,12.54,215.97,3.4,1165.46,26.67,13.99
2009-10-01,1067.66,23.4,25.35,216.18,3.39,1190.09,26.09,28.26
2009-11-01,1088.07,22.91,38.16,216.33,3.4,1211.99,25.52,42.51
2009-12-01,1110.38,22.41,50.97,215.95,3.59,1239.02,25.01,56.88
2010-01-01,1123.58,22.24,54.29,216.69,3.73,1249.48,24.73,60.37
2010-02-01,1089.16,22.07,57.61,216.74,3.69,1210.9,24.54,64.05
2010-03-01,1152.05,21.9,60.93,217.63,3.73,1275.58,24.25,67.46
2010-04-01,1197.32,21.95,62.99,218.01,3.85,1323.41,24.26,69.62
2010-05-01,1125.06,21.99,65.04,218.18,3.42,1242.58,24.29,71.84
2010-06-01,1083.36,22.04,67.1,217.97,3.2,1197.69,24.37,74.18
2010-07-01,1079.8,22.14,68.69,218.01,3.01,1193.5,24.47,75.92
2010-08-01,1087.28,22.25,70.27,218.31,2.7,1200.11,24.56,77.57
2010-09-01,1122.08,22.35,71.86,218.44,2.65,1237.8,24.66,79.27
2010-10-01,1171.58,22.48,73.69,218.71,2.54,1290.8,24.76,81.19
2010-11-01,1198.89,22.6,75.52,218.8,2.76,1320.33,24.89,83.17
2010-12-01,1241.53,22.73,77.35,219.18,3.29,1364.95,24.99,85.04
2011-01-01,1282.62,22.96,78.67,220.22,3.39,1403.44,25.13,86.08
2011-02-01,1321.12,23.2,79.99,221.31,3.58,1438.47,25.26,87.1
2011-03-01,1304.49,23.43,81.31,223.47,3.41,1406.65,25.26,87.68
2011-04-01,1331.51,23.73,82.16,224.91,3.46,1426.6,25.43,88.03
2011-05-01,1338.31,24.04,83.02,225.96,3.17,1427.17,25.63,88.53
2011-06-01,1287.29,24.34,83.87,225.72,3.0,1374.23,25.98,89.53
2011-07-01,1325.19,24.62,84.91,225.92,3.0,1413.44,26.26,90.56
2011-08-01,1185.31,24.9,85.94,226.54,2.3,1260.77,26.49,91.41
2011-09-01,1173.88,25.18,86.98,226.89,1.98,1246.72,26.74,92.38
2011-10-01,1207.22,25.6,86.97,226.42,2.15,1284.78,27.24,92.56
2011-11-01,1226.42,26.01,86.96,226.23,2.01,1306.31,27.71,92.62
2011-12-01,1243.32,26.43,86.95,225.67,1.98,1327.59,28.22,92.84
2012-01-01,1300.58,26.74,87.48,226.66,1.97,1382.64,28.42,93.0
2012-02-01,1352.49,27.04,88.01,227.66,1.97,1431.53,28.62,93.15
2012-03-01,1389.24,27.35,88.54,229.39,2.17,1459.34,28.73,93.01
2012-04-01,1386.43,27.67,88.33,230.09,2.05,1452.0,28.98,92.51
2012-05-01,1341.27,28.0,88.13,229.81,1.8,1406.36,29.36,92.4
2012-06-01,1323.48,28.32,87.92,229.48,1.62,1389.74,29.74,92.32
2012-07-01,1359.78,28.74,87.45,229.1,1.53,1430.19,30.23,91.97
2012-08-01,1403.45,29.17,86.97,230.38,1.68,1467.95,30.51,90.97
2012-09-01,1443.42,29.59,86.5,231.41,1.72,1503.05,30.81,90.07
2012-10-01,1437.82,30.14,86.5,231.32,1.75,1497.8,31.4,90.11
2012-11-01,1394.51,30.7,86.51,230.22,1.65,1459.6,32.13,90.54
2012-12-01,1422.29,31.25,86.51,229.6,1.72,1492.7,32.8,90.79
2013-01-01,1480.4,31.54,86.91,230.28,1.91,1549.11,33.0,90.94
2013-02-01,1512.31,31.82,87.3,232.17,1.98,1569.64,33.03,90.61
2013-03-01,1550.83,32.11,87.7,232.77,1.96,1605.42,33.24,90.79
2013-04-01,1570.7,32.5,88.78,232.53,1.76,1627.69,33.68,92.0
2013-05-01,1639.84,32.88,89.87,232.94,1.93,1696.31,34.02,92.96
2013-06-01,1618.77,33.27,90.95,233.5,2.3,1670.51,34.33,93.86
2013-07-01,1668.68,33.65,92.09,233.6,2.58,1721.34,34.71,95.0
2013-08-01,1670.09,34.02,93.23,233.88,2.74,1720.72,35.05,96.06
2013-09-01,1687.17,34.4,94.37,234.15,2.81,1736.3,35.4,97.12
2013-10-01,1720.03,34.6,96.31,233.55,2.62,1774.69,35.7,99.37
2013-11-01,1783.54,34.79,98.26,233.07,2.72,1843.98,35.97,101.59
2013-12-01,1807.78,34.99,100.2,233.05,2.9,1869.2,36.18,103.6
2014-01-01,1822.36,35.4,100.42,233.92,2.86,1877.29,36.47,103.44
2014-02-01,1817.04,35.82,100.63,234.78,2.71,1864.92,36.76,103.28
2014-03-01,1863.52,36.23,100.85,236.29,2.72,1900.38,36.95,102.84
2014-04-01,1864.26,36.61,101.61,237.07,2.71,1894.89,37.21,103.28
2014-05-01,1889.77,37.0,102.36,237.9,2.56,1914.13,37.47,103.68
2014-06-01,1947.09,37.38,103.12,238.34,2.6,1968.53,37.79,104.26
2014-07-01,1973.1,37.75,104.07,238.25,2.54,1995.6,38.18,105.25
2014-08-01,1961.53,38.12,105.01,237.85,2.42,1987.22,38.62,106.39
2014-09-01,1993.23,38.49,105.96,238.03,2.53,2017.82,38.96,107.27
2014-10-01,1937.27,38.81,104.74,237.43,2.3,1966.11,39.38,106.3
2014-11-01,2044.57,39.12,103.53,236.15,2.33,2086.27,39.92,105.64
2014-12-01,2054.27,39.44,102.31,234.81,2.21,2108.12,40.47,104.99
2015-01-01,2028.18,39.9,101.29,233.71,1.88,2091.19,41.14,104.44
2015-02-01,2082.2,40.35,100.27,234.72,1.98,2137.6,41.43,102.94
2015-03-01,2079.99,40.81,99.25,236.12,2.04,2122.7,41.65,101.29
2015-04-01,2094.86,41.12,97.8,236.6,1.94,2133.54,41.88,99.61
2015-05-01,2111.94,41.43,96.36,237.81,2.2,2140.02,41.98,97.64
2015-06-01,2099.29,41.74,94.91,238.64,2.36,2119.78,42.15,95.84
2015-07-01,2094.14,42.0,93.49,238.65,2.32,2114.44,42.4,94.4
2015-08-01,2039.87,42.25,92.08,238.32,2.17,2062.56,42.72,93.1
2015-09-01,1944.41,42.51,90.66,237.94,2.17,1969.11,43.05,91.81
2015-10-01,2024.81,42.8,89.28,237.84,2.07,2051.45,43.37,90.46
2015-11-01,2080.62,43.1,87.91,237.34,2.26,2112.45,43.76,89.25
2015-12-01,2054.08,43.39,86.53,236.53,2.24,2092.66,44.2,88.16
2016-01-01,1918.6,43.55,,236.92,2.09,1951.41,44.3,
2016-02-01,1904.42,43.72,,237.11,1.78,1935.39,44.43,
2016-03-01,2021.95,43.88,,238.13,1.89,2046.02,44.4,
2016-04-01,2075.54,44.07,,239.26,1.81,2090.34,44.39,
2016-05-01,2065.55,44.27,,240.24,1.81,2071.84,44.4,
2016-06-01,2083.89,44.46,,240.72,,2086.0,44.51,
2016-07-01,2102.95,,,240.97,,2102.95,,
